type,new
agrl1632,fesc
agrl1633,fesc
agrl1634,fesc
agrl1635,fesc
agrl1636,fesc
agrl1637,fesc
agrl1638,fesc
agrl1639,fesc
agrl1640,fesc
agrl1641,fesc
agrl1642,fesc
agrl1643,fesc
agrl1644,fesc
agrl1645,fesc
agrl1646,fesc
agrl1647,fesc
agrl1648,fesc
agrl1649,fesc
agrl1650,fesc
agrl1651,fesc
agrl1652,fesc
agrl1653,fesc
agrl1654,fesc
agrl1655,fesc
agrl1656,fesc
agrl1657,fesc
agrl1658,fesc
agrl1659,fesc
agrl1660,fesc
agrl1661,fesc
agrl1662,fesc
agrl1663,fesc
agrl1664,fesc
agrl1665,fesc
agrl1666,fesc
agrl1667,fesc
agrl1668,fesc
agrl1669,fesc
agrl1670,fesc
agrl1671,fesc
agrl1672,fesc
agrl1673,fesc
agrl1674,fesc
agrl1675,fesc
agrl1676,fesc
agrl1677,fesc
agrl1678,fesc
agrl1679,fesc
agrl1680,fesc
agrl1681,fesc
agrl1682,fesc
agrl1683,fesc
agrl1684,fesc
agrl1685,fesc
agrl1686,fesc
agrl1687,fesc
agrl1688,fesc
agrl1689,fesc
agrl1690,fesc
agrl1691,fesc
agrl1692,fesc
agrl1693,fesc
agrl1694,fesc
agrl1695,fesc
agrl1696,fesc
agrl1697,fesc
agrl1698,fesc
agrl1699,fesc
agrl1700,fesc
agrl1701,fesc
agrl1702,fesc
agrl1703,fesc
agrl1704,fesc
agrl1705,fesc
agrl1706,fesc
agrl1707,fesc
agrl1708,fesc
agrl1709,fesc
agrl1710,fesc
agrl1711,fesc
agrl1712,fesc
agrl1713,fesc
agrl1714,fesc
agrl1715,fesc
agrl1716,fesc
agrl1717,fesc
agrl1718,fesc
agrl1719,fesc
agrl1720,fesc
agrl1721,fesc
agrl1722,fesc
agrl1723,fesc
agrl1724,fesc
agrl1725,fesc
agrl1726,fesc
agrl1727,fesc
agrl1728,fesc
agrl1729,fesc
agrl1730,fesc
agrl1731,fesc
agrl1732,fesc
agrl1733,fesc
agrl1734,fesc
agrl1735,fesc
agrl1736,fesc
agrl1737,fesc
agrl1738,fesc
agrl1739,fesc
agrl1740,fesc
agrl1741,fesc
agrl1742,fesc
agrl1743,fesc
agrl1744,fesc
agrl1758,fesc
agrl1759,fesc
agrl1760,fesc
agrl1761,fesc
agrl1762,fesc
agrl1763,fesc
agrl1764,fesc
agrl1765,fesc
agrl1766,fesc
agrl1767,fesc
agrl1768,fesc
agrl1769,fesc
agrl1770,fesc
agrl1771,fesc
agrl1772,fesc
agrl1773,fesc
agrl1774,fesc
agrl1775,fesc
agrl1776,fesc
agrl1777,fesc
agrl1778,fesc
agrl1779,fesc
agrl1780,fesc
agrl1781,fesc
agrl1782,fesc
agrl1783,fesc
agrl1784,fesc
agrl1785,fesc
agrl1786,fesc
agrl1787,fesc
agrl1788,fesc
agrl1789,fesc
agrl1790,fesc
agrl1791,fesc
agrl1792,fesc
agrl1793,fesc
agrl1794,fesc
agrl1795,fesc
agrl1796,fesc
agrl1797,fesc
agrl1798,fesc
agrl1799,fesc
agrl1800,fesc
agrl1801,fesc
agrl1802,fesc
agrl1803,fesc
agrl1822,fesc
agrl1823,fesc
agrl1824,fesc
agrl1825,fesc
agrl1826,fesc
agrl1827,fesc
agrl1828,fesc
agrl1829,fesc
agrl1830,fesc
agrl1831,fesc
agrl1832,fesc
agrl1833,fesc
agrl1858,fesc
agrl1860,fesc
agrl1861,fesc
agrl1863,fesc
agrl1864,fesc
agrl1865,fesc
agrl1866,fesc
agrl1867,fesc
agrl1868,fesc
agrl1869,fesc
agrl1870,fesc
agrl1871,fesc
agrl1872,fesc
agrl1873,fesc
agrl1928,fesc
agrl1929,fesc
agrl1930,fesc
agrl1931,fesc
agrl1932,fesc
agrl1938,fesc
agrl1939,fesc
agrl1940,fesc
agrl1947,fesc
agrl1948,fesc
agrl1949,fesc
agrl1950,fesc
agrl1951,fesc
agrl1952,fesc
agrl1953,fesc
agrl1954,fesc
agrl1957,fesc
agrl1958,fesc
agrl1959,fesc
agrl5111,fesc
agrl5112,fesc
agrl5113,fesc
agrl5114,fesc
agrl5115,fesc
agrl5116,fesc
agrl5117,fesc
agrl5118,fesc
agrl5119,fesc
agrl5120,fesc
agrl5121,fesc
agrl5122,fesc
agrl5123,fesc
agrl5124,fesc
agrl5125,fesc
agrl5126,fesc
agrl5127,fesc
agrl5128,fesc
agrl5129,fesc
agrl5130,fesc
agrl5135,fesc
agrl5136,fesc
agrl5137,fesc
agrl5138,fesc
agrl5139,fesc
agrl5140,fesc
agrl5141,fesc
agrl5142,fesc
agrl5143,fesc
agrl5144,fesc
agrl5145,fesc
agrl5147,fesc
agrl5155,fesc
agrl5156,fesc
agrl5157,fesc
agrl5158,fesc
agrl5159,fesc
agrl5160,fesc
agrl5161,fesc
agrl5162,fesc
agrl5163,fesc
agrl5176,fesc
agrl5180,fesc
agrl3202,orcd
agrl3203,orcd
agrl3204,orcd
agrl3205,orcd
agrl3206,orcd
agrl3207,orcd
agrl3208,orcd
agrl3209,orcd
agrl3210,orcd
agrl3211,orcd
agrl3212,orcd
agrl3213,orcd
agrl3214,orcd
agrl3215,orcd
agrl3216,orcd
agrl5390,orcd
agrl2827,orcd
agrl3192,orcd
agrl4675,orcd
agrl5298,orcd
agrl5299,orcd
