FID,Shape,id,type,y_1990,y_1991,y_1992,y_1993,y_1994,y_1995,y_1996,y_1997,y_1998,y_1999,y_2000,y_2001,y_2002,y_2003,y_2004,y_2005,y_2006,y_2007,y_2008,y_2009,y_2010,y_2011,y_2012,y_2013,y_2014,y_2015,y_2016,y_2017,y_2018,y_2019,y_2020,y_2021,y_2022,y_2023,y_2024,y_2025
7538,Polygon,7539,agrl1632,fes2,fes2,fes2,fes2,fes2,fes2,fes2,fes2,fes2,fes2,fes2,fes2,fes2,fes2,fes2,fes2,fes2,fes2,fes2,fes2,fes2,fes2,fes2,fes2,fes2,fes2,fes2,fes2,fes2,fes2,fes2,fes2,fes2,fes2,fes2,fes2
7539,Polygon,7540,agrl1633,fes2,fes2,fes2,fes2,fes2,fes2,fes2,fes2,fes2,fes2,fes2,fes2,fes2,fes2,fes2,fes2,fes2,fes2,fes2,fes2,fes2,fes2,fes2,fes2,fes2,fes2,fes2,fes2,fes2,fes2,fes2,fes2,fes2,fes2,fes2,fes2
7540,Polygon,7541,agrl1634,fes2,fes2,fes2,fes2,fes2,fes2,fes2,fes2,fes2,fes2,fes2,fes2,fes2,fes2,fes2,fes2,fes2,fes2,fes2,fes2,fes2,fes2,fes2,fes2,fes2,fes2,fes2,fes2,fes2,fes2,fes2,fes2,fes2,fes2,fes2,fes2
7541,Polygon,7542,agrl1635,fes2,fes2,fes2,fes2,fes2,fes2,fes2,fes2,fes2,fes2,fes2,fes2,fes2,fes2,fes2,fes2,fes2,fes2,fes2,fes2,fes2,fes2,fes2,fes2,fes2,fes2,fes2,fes2,fes2,fes2,fes2,fes2,fes2,fes2,fes2,fes2
7542,Polygon,7543,agrl1636,fes2,fes2,fes2,fes2,fes2,fes2,fes2,fes2,fes2,fes2,fes2,fes2,fes2,fes2,fes2,fes2,fes2,fes2,fes2,fes2,fes2,fes2,fes2,fes2,fes2,fes2,fes2,fes2,fes2,fes2,fes2,fes2,fes2,fes2,fes2,fes2
7543,Polygon,7544,agrl1637,fes2,fes2,fes2,fes2,fes2,fes2,fes2,fes2,fes2,fes2,fes2,fes2,fes2,fes2,fes2,fes2,fes2,fes2,fes2,fes2,fes2,fes2,fes2,fes2,fes2,fes2,fes2,fes2,fes2,fes2,fes2,fes2,fes2,fes2,fes2,fes2
7544,Polygon,7545,agrl1638,fes2,fes2,fes2,fes2,fes2,fes2,fes2,fes2,fes2,fes2,fes2,fes2,fes2,fes2,fes2,fes2,fes2,fes2,fes2,fes2,fes2,fes2,fes2,fes2,fes2,fes2,fes2,fes2,fes2,fes2,fes2,fes2,fes2,fes2,fes2,fes2
7545,Polygon,7546,agrl1639,fes2,fes2,fes2,fes2,fes2,fes2,fes2,fes2,fes2,fes2,fes2,fes2,fes2,fes2,fes2,fes2,fes2,fes2,fes2,fes2,fes2,fes2,fes2,fes2,fes2,fes2,fes2,fes2,fes2,fes2,fes2,fes2,fes2,fes2,fes2,fes2
7546,Polygon,7547,agrl1640,fes2,fes2,fes2,fes2,fes2,fes2,fes2,fes2,fes2,fes2,fes2,fes2,fes2,fes2,fes2,fes2,fes2,fes2,fes2,fes2,fes2,fes2,fes2,fes2,fes2,fes2,fes2,fes2,fes2,fes2,fes2,fes2,fes2,fes2,fes2,fes2
7547,Polygon,7548,agrl1641,fes2,fes2,fes2,fes2,fes2,fes2,fes2,fes2,fes2,fes2,fes2,fes2,fes2,fes2,fes2,fes2,fes2,fes2,fes2,fes2,fes2,fes2,fes2,fes2,fes2,fes2,fes2,fes2,fes2,fes2,fes2,fes2,fes2,fes2,fes2,fes2
7548,Polygon,7549,agrl1642,fes2,fes2,fes2,fes2,fes2,fes2,fes2,fes2,fes2,fes2,fes2,fes2,fes2,fes2,fes2,fes2,fes2,fes2,fes2,fes2,fes2,fes2,fes2,fes2,fes2,fes2,fes2,fes2,fes2,fes2,fes2,fes2,fes2,fes2,fes2,fes2
7549,Polygon,7550,agrl1643,fes2,fes2,fes2,fes2,fes2,fes2,fes2,fes2,fes2,fes2,fes2,fes2,fes2,fes2,fes2,fes2,fes2,fes2,fes2,fes2,fes2,fes2,fes2,fes2,fes2,fes2,fes2,fes2,fes2,fes2,fes2,fes2,fes2,fes2,fes2,fes2
7550,Polygon,7551,agrl1644,fes2,fes2,fes2,fes2,fes2,fes2,fes2,fes2,fes2,fes2,fes2,fes2,fes2,fes2,fes2,fes2,fes2,fes2,fes2,fes2,fes2,fes2,fes2,fes2,fes2,fes2,fes2,fes2,fes2,fes2,fes2,fes2,fes2,fes2,fes2,fes2
7551,Polygon,7552,agrl1645,fes2,fes2,fes2,fes2,fes2,fes2,fes2,fes2,fes2,fes2,fes2,fes2,fes2,fes2,fes2,fes2,fes2,fes2,fes2,fes2,fes2,fes2,fes2,fes2,fes2,fes2,fes2,fes2,fes2,fes2,fes2,fes2,fes2,fes2,fes2,fes2
7552,Polygon,7553,agrl1646,fes2,fes2,fes2,fes2,fes2,fes2,fes2,fes2,fes2,fes2,fes2,fes2,fes2,fes2,fes2,fes2,fes2,fes2,fes2,fes2,fes2,fes2,fes2,fes2,fes2,fes2,fes2,fes2,fes2,fes2,fes2,fes2,fes2,fes2,fes2,fes2
7553,Polygon,7554,agrl1647,fes2,fes2,fes2,fes2,fes2,fes2,fes2,fes2,fes2,fes2,fes2,fes2,fes2,fes2,fes2,fes2,fes2,fes2,fes2,fes2,fes2,fes2,fes2,fes2,fes2,fes2,fes2,fes2,fes2,fes2,fes2,fes2,fes2,fes2,fes2,fes2
7554,Polygon,7555,agrl1648,fes2,fes2,fes2,fes2,fes2,fes2,fes2,fes2,fes2,fes2,fes2,fes2,fes2,fes2,fes2,fes2,fes2,fes2,fes2,fes2,fes2,fes2,fes2,fes2,fes2,fes2,fes2,fes2,fes2,fes2,fes2,fes2,fes2,fes2,fes2,fes2
7555,Polygon,7556,agrl1649,fes2,fes2,fes2,fes2,fes2,fes2,fes2,fes2,fes2,fes2,fes2,fes2,fes2,fes2,fes2,fes2,fes2,fes2,fes2,fes2,fes2,fes2,fes2,fes2,fes2,fes2,fes2,fes2,fes2,fes2,fes2,fes2,fes2,fes2,fes2,fes2
7556,Polygon,7557,agrl1650,fes2,fes2,fes2,fes2,fes2,fes2,fes2,fes2,fes2,fes2,fes2,fes2,fes2,fes2,fes2,fes2,fes2,fes2,fes2,fes2,fes2,fes2,fes2,fes2,fes2,fes2,fes2,fes2,fes2,fes2,fes2,fes2,fes2,fes2,fes2,fes2
7557,Polygon,7558,agrl1651,fes2,fes2,fes2,fes2,fes2,fes2,fes2,fes2,fes2,fes2,fes2,fes2,fes2,fes2,fes2,fes2,fes2,fes2,fes2,fes2,fes2,fes2,fes2,fes2,fes2,fes2,fes2,fes2,fes2,fes2,fes2,fes2,fes2,fes2,fes2,fes2
7558,Polygon,7559,agrl1652,fes2,fes2,fes2,fes2,fes2,fes2,fes2,fes2,fes2,fes2,fes2,fes2,fes2,fes2,fes2,fes2,fes2,fes2,fes2,fes2,fes2,fes2,fes2,fes2,fes2,fes2,fes2,fes2,fes2,fes2,fes2,fes2,fes2,fes2,fes2,fes2
7559,Polygon,7560,agrl1653,fes2,fes2,fes2,fes2,fes2,fes2,fes2,fes2,fes2,fes2,fes2,fes2,fes2,fes2,fes2,fes2,fes2,fes2,fes2,fes2,fes2,fes2,fes2,fes2,fes2,fes2,fes2,fes2,fes2,fes2,fes2,fes2,fes2,fes2,fes2,fes2
7560,Polygon,7561,agrl1654,fes2,fes2,fes2,fes2,fes2,fes2,fes2,fes2,fes2,fes2,fes2,fes2,fes2,fes2,fes2,fes2,fes2,fes2,fes2,fes2,fes2,fes2,fes2,fes2,fes2,fes2,fes2,fes2,fes2,fes2,fes2,fes2,fes2,fes2,fes2,fes2
7561,Polygon,7562,agrl1655,fes2,fes2,fes2,fes2,fes2,fes2,fes2,fes2,fes2,fes2,fes2,fes2,fes2,fes2,fes2,fes2,fes2,fes2,fes2,fes2,fes2,fes2,fes2,fes2,fes2,fes2,fes2,fes2,fes2,fes2,fes2,fes2,fes2,fes2,fes2,fes2
7562,Polygon,7563,agrl1656,fes2,fes2,fes2,fes2,fes2,fes2,fes2,fes2,fes2,fes2,fes2,fes2,fes2,fes2,fes2,fes2,fes2,fes2,fes2,fes2,fes2,fes2,fes2,fes2,fes2,fes2,fes2,fes2,fes2,fes2,fes2,fes2,fes2,fes2,fes2,fes2
7563,Polygon,7564,agrl1657,fes2,fes2,fes2,fes2,fes2,fes2,fes2,fes2,fes2,fes2,fes2,fes2,fes2,fes2,fes2,fes2,fes2,fes2,fes2,fes2,fes2,fes2,fes2,fes2,fes2,fes2,fes2,fes2,fes2,fes2,fes2,fes2,fes2,fes2,fes2,fes2
7564,Polygon,7565,agrl1658,fes2,fes2,fes2,fes2,fes2,fes2,fes2,fes2,fes2,fes2,fes2,fes2,fes2,fes2,fes2,fes2,fes2,fes2,fes2,fes2,fes2,fes2,fes2,fes2,fes2,fes2,fes2,fes2,fes2,fes2,fes2,fes2,fes2,fes2,fes2,fes2
7565,Polygon,7566,agrl1659,fes2,fes2,fes2,fes2,fes2,fes2,fes2,fes2,fes2,fes2,fes2,fes2,fes2,fes2,fes2,fes2,fes2,fes2,fes2,fes2,fes2,fes2,fes2,fes2,fes2,fes2,fes2,fes2,fes2,fes2,fes2,fes2,fes2,fes2,fes2,fes2
7566,Polygon,7567,agrl1660,fes2,fes2,fes2,fes2,fes2,fes2,fes2,fes2,fes2,fes2,fes2,fes2,fes2,fes2,fes2,fes2,fes2,fes2,fes2,fes2,fes2,fes2,fes2,fes2,fes2,fes2,fes2,fes2,fes2,fes2,fes2,fes2,fes2,fes2,fes2,fes2
7567,Polygon,7568,agrl1661,fes2,fes2,fes2,fes2,fes2,fes2,fes2,fes2,fes2,fes2,fes2,fes2,fes2,fes2,fes2,fes2,fes2,fes2,fes2,fes2,fes2,fes2,fes2,fes2,fes2,fes2,fes2,fes2,fes2,fes2,fes2,fes2,fes2,fes2,fes2,fes2
7568,Polygon,7569,agrl1662,fes2,fes2,fes2,fes2,fes2,fes2,fes2,fes2,fes2,fes2,fes2,fes2,fes2,fes2,fes2,fes2,fes2,fes2,fes2,fes2,fes2,fes2,fes2,fes2,fes2,fes2,fes2,fes2,fes2,fes2,fes2,fes2,fes2,fes2,fes2,fes2
7569,Polygon,7570,agrl1663,fes2,fes2,fes2,fes2,fes2,fes2,fes2,fes2,fes2,fes2,fes2,fes2,fes2,fes2,fes2,fes2,fes2,fes2,fes2,fes2,fes2,fes2,fes2,fes2,fes2,fes2,fes2,fes2,fes2,fes2,fes2,fes2,fes2,fes2,fes2,fes2
7570,Polygon,7571,agrl1664,fes2,fes2,fes2,fes2,fes2,fes2,fes2,fes2,fes2,fes2,fes2,fes2,fes2,fes2,fes2,fes2,fes2,fes2,fes2,fes2,fes2,fes2,fes2,fes2,fes2,fes2,fes2,fes2,fes2,fes2,fes2,fes2,fes2,fes2,fes2,fes2
7571,Polygon,7572,agrl1665,fes2,fes2,fes2,fes2,fes2,fes2,fes2,fes2,fes2,fes2,fes2,fes2,fes2,fes2,fes2,fes2,fes2,fes2,fes2,fes2,fes2,fes2,fes2,fes2,fes2,fes2,fes2,fes2,fes2,fes2,fes2,fes2,fes2,fes2,fes2,fes2
7572,Polygon,7573,agrl1666,fes2,fes2,fes2,fes2,fes2,fes2,fes2,fes2,fes2,fes2,fes2,fes2,fes2,fes2,fes2,fes2,fes2,fes2,fes2,fes2,fes2,fes2,fes2,fes2,fes2,fes2,fes2,fes2,fes2,fes2,fes2,fes2,fes2,fes2,fes2,fes2
7573,Polygon,7574,agrl1667,fes2,fes2,fes2,fes2,fes2,fes2,fes2,fes2,fes2,fes2,fes2,fes2,fes2,fes2,fes2,fes2,fes2,fes2,fes2,fes2,fes2,fes2,fes2,fes2,fes2,fes2,fes2,fes2,fes2,fes2,fes2,fes2,fes2,fes2,fes2,fes2
7574,Polygon,7575,agrl1668,fes2,fes2,fes2,fes2,fes2,fes2,fes2,fes2,fes2,fes2,fes2,fes2,fes2,fes2,fes2,fes2,fes2,fes2,fes2,fes2,fes2,fes2,fes2,fes2,fes2,fes2,fes2,fes2,fes2,fes2,fes2,fes2,fes2,fes2,fes2,fes2
7575,Polygon,7576,agrl1669,fes2,fes2,fes2,fes2,fes2,fes2,fes2,fes2,fes2,fes2,fes2,fes2,fes2,fes2,fes2,fes2,fes2,fes2,fes2,fes2,fes2,fes2,fes2,fes2,fes2,fes2,fes2,fes2,fes2,fes2,fes2,fes2,fes2,fes2,fes2,fes2
7576,Polygon,7577,agrl1670,fes2,fes2,fes2,fes2,fes2,fes2,fes2,fes2,fes2,fes2,fes2,fes2,fes2,fes2,fes2,fes2,fes2,fes2,fes2,fes2,fes2,fes2,fes2,fes2,fes2,fes2,fes2,fes2,fes2,fes2,fes2,fes2,fes2,fes2,fes2,fes2
7577,Polygon,7578,agrl1671,fes2,fes2,fes2,fes2,fes2,fes2,fes2,fes2,fes2,fes2,fes2,fes2,fes2,fes2,fes2,fes2,fes2,fes2,fes2,fes2,fes2,fes2,fes2,fes2,fes2,fes2,fes2,fes2,fes2,fes2,fes2,fes2,fes2,fes2,fes2,fes2
7578,Polygon,7579,agrl1672,fes2,fes2,fes2,fes2,fes2,fes2,fes2,fes2,fes2,fes2,fes2,fes2,fes2,fes2,fes2,fes2,fes2,fes2,fes2,fes2,fes2,fes2,fes2,fes2,fes2,fes2,fes2,fes2,fes2,fes2,fes2,fes2,fes2,fes2,fes2,fes2
7579,Polygon,7580,agrl1673,fes2,fes2,fes2,fes2,fes2,fes2,fes2,fes2,fes2,fes2,fes2,fes2,fes2,fes2,fes2,fes2,fes2,fes2,fes2,fes2,fes2,fes2,fes2,fes2,fes2,fes2,fes2,fes2,fes2,fes2,fes2,fes2,fes2,fes2,fes2,fes2
7580,Polygon,7581,agrl1674,fes2,fes2,fes2,fes2,fes2,fes2,fes2,fes2,fes2,fes2,fes2,fes2,fes2,fes2,fes2,fes2,fes2,fes2,fes2,fes2,fes2,fes2,fes2,fes2,fes2,fes2,fes2,fes2,fes2,fes2,fes2,fes2,fes2,fes2,fes2,fes2
7581,Polygon,7582,agrl1675,fes2,fes2,fes2,fes2,fes2,fes2,fes2,fes2,fes2,fes2,fes2,fes2,fes2,fes2,fes2,fes2,fes2,fes2,fes2,fes2,fes2,fes2,fes2,fes2,fes2,fes2,fes2,fes2,fes2,fes2,fes2,fes2,fes2,fes2,fes2,fes2
7582,Polygon,7583,agrl1676,fes2,fes2,fes2,fes2,fes2,fes2,fes2,fes2,fes2,fes2,fes2,fes2,fes2,fes2,fes2,fes2,fes2,fes2,fes2,fes2,fes2,fes2,fes2,fes2,fes2,fes2,fes2,fes2,fes2,fes2,fes2,fes2,fes2,fes2,fes2,fes2
7583,Polygon,7584,agrl1677,fes2,fes2,fes2,fes2,fes2,fes2,fes2,fes2,fes2,fes2,fes2,fes2,fes2,fes2,fes2,fes2,fes2,fes2,fes2,fes2,fes2,fes2,fes2,fes2,fes2,fes2,fes2,fes2,fes2,fes2,fes2,fes2,fes2,fes2,fes2,fes2
7584,Polygon,7585,agrl1678,fes2,fes2,fes2,fes2,fes2,fes2,fes2,fes2,fes2,fes2,fes2,fes2,fes2,fes2,fes2,fes2,fes2,fes2,fes2,fes2,fes2,fes2,fes2,fes2,fes2,fes2,fes2,fes2,fes2,fes2,fes2,fes2,fes2,fes2,fes2,fes2
7585,Polygon,7586,agrl1679,fes2,fes2,fes2,fes2,fes2,fes2,fes2,fes2,fes2,fes2,fes2,fes2,fes2,fes2,fes2,fes2,fes2,fes2,fes2,fes2,fes2,fes2,fes2,fes2,fes2,fes2,fes2,fes2,fes2,fes2,fes2,fes2,fes2,fes2,fes2,fes2
7586,Polygon,7587,agrl1680,fes2,fes2,fes2,fes2,fes2,fes2,fes2,fes2,fes2,fes2,fes2,fes2,fes2,fes2,fes2,fes2,fes2,fes2,fes2,fes2,fes2,fes2,fes2,fes2,fes2,fes2,fes2,fes2,fes2,fes2,fes2,fes2,fes2,fes2,fes2,fes2
7587,Polygon,7588,agrl1681,fes2,fes2,fes2,fes2,fes2,fes2,fes2,fes2,fes2,fes2,fes2,fes2,fes2,fes2,fes2,fes2,fes2,fes2,fes2,fes2,fes2,fes2,fes2,fes2,fes2,fes2,fes2,fes2,fes2,fes2,fes2,fes2,fes2,fes2,fes2,fes2
7588,Polygon,7589,agrl1682,fes2,fes2,fes2,fes2,fes2,fes2,fes2,fes2,fes2,fes2,fes2,fes2,fes2,fes2,fes2,fes2,fes2,fes2,fes2,fes2,fes2,fes2,fes2,fes2,fes2,fes2,fes2,fes2,fes2,fes2,fes2,fes2,fes2,fes2,fes2,fes2
7589,Polygon,7590,agrl1683,fes2,fes2,fes2,fes2,fes2,fes2,fes2,fes2,fes2,fes2,fes2,fes2,fes2,fes2,fes2,fes2,fes2,fes2,fes2,fes2,fes2,fes2,fes2,fes2,fes2,fes2,fes2,fes2,fes2,fes2,fes2,fes2,fes2,fes2,fes2,fes2
7590,Polygon,7591,agrl1684,fes2,fes2,fes2,fes2,fes2,fes2,fes2,fes2,fes2,fes2,fes2,fes2,fes2,fes2,fes2,fes2,fes2,fes2,fes2,fes2,fes2,fes2,fes2,fes2,fes2,fes2,fes2,fes2,fes2,fes2,fes2,fes2,fes2,fes2,fes2,fes2
7591,Polygon,7592,agrl1685,fes2,fes2,fes2,fes2,fes2,fes2,fes2,fes2,fes2,fes2,fes2,fes2,fes2,fes2,fes2,fes2,fes2,fes2,fes2,fes2,fes2,fes2,fes2,fes2,fes2,fes2,fes2,fes2,fes2,fes2,fes2,fes2,fes2,fes2,fes2,fes2
7592,Polygon,7593,agrl1686,fes2,fes2,fes2,fes2,fes2,fes2,fes2,fes2,fes2,fes2,fes2,fes2,fes2,fes2,fes2,fes2,fes2,fes2,fes2,fes2,fes2,fes2,fes2,fes2,fes2,fes2,fes2,fes2,fes2,fes2,fes2,fes2,fes2,fes2,fes2,fes2
7593,Polygon,7594,agrl1687,fes2,fes2,fes2,fes2,fes2,fes2,fes2,fes2,fes2,fes2,fes2,fes2,fes2,fes2,fes2,fes2,fes2,fes2,fes2,fes2,fes2,fes2,fes2,fes2,fes2,fes2,fes2,fes2,fes2,fes2,fes2,fes2,fes2,fes2,fes2,fes2
7594,Polygon,7595,agrl1688,fes2,fes2,fes2,fes2,fes2,fes2,fes2,fes2,fes2,fes2,fes2,fes2,fes2,fes2,fes2,fes2,fes2,fes2,fes2,fes2,fes2,fes2,fes2,fes2,fes2,fes2,fes2,fes2,fes2,fes2,fes2,fes2,fes2,fes2,fes2,fes2
7595,Polygon,7596,agrl1689,fes2,fes2,fes2,fes2,fes2,fes2,fes2,fes2,fes2,fes2,fes2,fes2,fes2,fes2,fes2,fes2,fes2,fes2,fes2,fes2,fes2,fes2,fes2,fes2,fes2,fes2,fes2,fes2,fes2,fes2,fes2,fes2,fes2,fes2,fes2,fes2
7596,Polygon,7597,agrl1690,fes2,fes2,fes2,fes2,fes2,fes2,fes2,fes2,fes2,fes2,fes2,fes2,fes2,fes2,fes2,fes2,fes2,fes2,fes2,fes2,fes2,fes2,fes2,fes2,fes2,fes2,fes2,fes2,fes2,fes2,fes2,fes2,fes2,fes2,fes2,fes2
7597,Polygon,7598,agrl1691,fes2,fes2,fes2,fes2,fes2,fes2,fes2,fes2,fes2,fes2,fes2,fes2,fes2,fes2,fes2,fes2,fes2,fes2,fes2,fes2,fes2,fes2,fes2,fes2,fes2,fes2,fes2,fes2,fes2,fes2,fes2,fes2,fes2,fes2,fes2,fes2
7598,Polygon,7599,agrl1692,fes2,fes2,fes2,fes2,fes2,fes2,fes2,fes2,fes2,fes2,fes2,fes2,fes2,fes2,fes2,fes2,fes2,fes2,fes2,fes2,fes2,fes2,fes2,fes2,fes2,fes2,fes2,fes2,fes2,fes2,fes2,fes2,fes2,fes2,fes2,fes2
7599,Polygon,7600,agrl1693,fes2,fes2,fes2,fes2,fes2,fes2,fes2,fes2,fes2,fes2,fes2,fes2,fes2,fes2,fes2,fes2,fes2,fes2,fes2,fes2,fes2,fes2,fes2,fes2,fes2,fes2,fes2,fes2,fes2,fes2,fes2,fes2,fes2,fes2,fes2,fes2
7600,Polygon,7601,agrl1694,fes2,fes2,fes2,fes2,fes2,fes2,fes2,fes2,fes2,fes2,fes2,fes2,fes2,fes2,fes2,fes2,fes2,fes2,fes2,fes2,fes2,fes2,fes2,fes2,fes2,fes2,fes2,fes2,fes2,fes2,fes2,fes2,fes2,fes2,fes2,fes2
7601,Polygon,7602,agrl1695,fes2,fes2,fes2,fes2,fes2,fes2,fes2,fes2,fes2,fes2,fes2,fes2,fes2,fes2,fes2,fes2,fes2,fes2,fes2,fes2,fes2,fes2,fes2,fes2,fes2,fes2,fes2,fes2,fes2,fes2,fes2,fes2,fes2,fes2,fes2,fes2
7602,Polygon,7603,agrl1696,fes2,fes2,fes2,fes2,fes2,fes2,fes2,fes2,fes2,fes2,fes2,fes2,fes2,fes2,fes2,fes2,fes2,fes2,fes2,fes2,fes2,fes2,fes2,fes2,fes2,fes2,fes2,fes2,fes2,fes2,fes2,fes2,fes2,fes2,fes2,fes2
7603,Polygon,7604,agrl1697,fes2,fes2,fes2,fes2,fes2,fes2,fes2,fes2,fes2,fes2,fes2,fes2,fes2,fes2,fes2,fes2,fes2,fes2,fes2,fes2,fes2,fes2,fes2,fes2,fes2,fes2,fes2,fes2,fes2,fes2,fes2,fes2,fes2,fes2,fes2,fes2
7604,Polygon,7605,agrl1698,fes2,fes2,fes2,fes2,fes2,fes2,fes2,fes2,fes2,fes2,fes2,fes2,fes2,fes2,fes2,fes2,fes2,fes2,fes2,fes2,fes2,fes2,fes2,fes2,fes2,fes2,fes2,fes2,fes2,fes2,fes2,fes2,fes2,fes2,fes2,fes2
7605,Polygon,7606,agrl1699,fes2,fes2,fes2,fes2,fes2,fes2,fes2,fes2,fes2,fes2,fes2,fes2,fes2,fes2,fes2,fes2,fes2,fes2,fes2,fes2,fes2,fes2,fes2,fes2,fes2,fes2,fes2,fes2,fes2,fes2,fes2,fes2,fes2,fes2,fes2,fes2
7606,Polygon,7607,agrl1700,fes2,fes2,fes2,fes2,fes2,fes2,fes2,fes2,fes2,fes2,fes2,fes2,fes2,fes2,fes2,fes2,fes2,fes2,fes2,fes2,fes2,fes2,fes2,fes2,fes2,fes2,fes2,fes2,fes2,fes2,fes2,fes2,fes2,fes2,fes2,fes2
7607,Polygon,7608,agrl1701,fes2,fes2,fes2,fes2,fes2,fes2,fes2,fes2,fes2,fes2,fes2,fes2,fes2,fes2,fes2,fes2,fes2,fes2,fes2,fes2,fes2,fes2,fes2,fes2,fes2,fes2,fes2,fes2,fes2,fes2,fes2,fes2,fes2,fes2,fes2,fes2
7608,Polygon,7609,agrl1702,fes2,fes2,fes2,fes2,fes2,fes2,fes2,fes2,fes2,fes2,fes2,fes2,fes2,fes2,fes2,fes2,fes2,fes2,fes2,fes2,fes2,fes2,fes2,fes2,fes2,fes2,fes2,fes2,fes2,fes2,fes2,fes2,fes2,fes2,fes2,fes2
7609,Polygon,7610,agrl1703,fes2,fes2,fes2,fes2,fes2,fes2,fes2,fes2,fes2,fes2,fes2,fes2,fes2,fes2,fes2,fes2,fes2,fes2,fes2,fes2,fes2,fes2,fes2,fes2,fes2,fes2,fes2,fes2,fes2,fes2,fes2,fes2,fes2,fes2,fes2,fes2
7610,Polygon,7611,agrl1704,fes2,fes2,fes2,fes2,fes2,fes2,fes2,fes2,fes2,fes2,fes2,fes2,fes2,fes2,fes2,fes2,fes2,fes2,fes2,fes2,fes2,fes2,fes2,fes2,fes2,fes2,fes2,fes2,fes2,fes2,fes2,fes2,fes2,fes2,fes2,fes2
7611,Polygon,7612,agrl1705,fes2,fes2,fes2,fes2,fes2,fes2,fes2,fes2,fes2,fes2,fes2,fes2,fes2,fes2,fes2,fes2,fes2,fes2,fes2,fes2,fes2,fes2,fes2,fes2,fes2,fes2,fes2,fes2,fes2,fes2,fes2,fes2,fes2,fes2,fes2,fes2
7612,Polygon,7613,agrl1706,fes2,fes2,fes2,fes2,fes2,fes2,fes2,fes2,fes2,fes2,fes2,fes2,fes2,fes2,fes2,fes2,fes2,fes2,fes2,fes2,fes2,fes2,fes2,fes2,fes2,fes2,fes2,fes2,fes2,fes2,fes2,fes2,fes2,fes2,fes2,fes2
7613,Polygon,7614,agrl1707,fes2,fes2,fes2,fes2,fes2,fes2,fes2,fes2,fes2,fes2,fes2,fes2,fes2,fes2,fes2,fes2,fes2,fes2,fes2,fes2,fes2,fes2,fes2,fes2,fes2,fes2,fes2,fes2,fes2,fes2,fes2,fes2,fes2,fes2,fes2,fes2
7614,Polygon,7615,agrl1708,fes2,fes2,fes2,fes2,fes2,fes2,fes2,fes2,fes2,fes2,fes2,fes2,fes2,fes2,fes2,fes2,fes2,fes2,fes2,fes2,fes2,fes2,fes2,fes2,fes2,fes2,fes2,fes2,fes2,fes2,fes2,fes2,fes2,fes2,fes2,fes2
7615,Polygon,7616,agrl1709,fes2,fes2,fes2,fes2,fes2,fes2,fes2,fes2,fes2,fes2,fes2,fes2,fes2,fes2,fes2,fes2,fes2,fes2,fes2,fes2,fes2,fes2,fes2,fes2,fes2,fes2,fes2,fes2,fes2,fes2,fes2,fes2,fes2,fes2,fes2,fes2
7616,Polygon,7617,agrl1710,fes2,fes2,fes2,fes2,fes2,fes2,fes2,fes2,fes2,fes2,fes2,fes2,fes2,fes2,fes2,fes2,fes2,fes2,fes2,fes2,fes2,fes2,fes2,fes2,fes2,fes2,fes2,fes2,fes2,fes2,fes2,fes2,fes2,fes2,fes2,fes2
7617,Polygon,7618,agrl1711,fes2,fes2,fes2,fes2,fes2,fes2,fes2,fes2,fes2,fes2,fes2,fes2,fes2,fes2,fes2,fes2,fes2,fes2,fes2,fes2,fes2,fes2,fes2,fes2,fes2,fes2,fes2,fes2,fes2,fes2,fes2,fes2,fes2,fes2,fes2,fes2
7618,Polygon,7619,agrl1712,fes2,fes2,fes2,fes2,fes2,fes2,fes2,fes2,fes2,fes2,fes2,fes2,fes2,fes2,fes2,fes2,fes2,fes2,fes2,fes2,fes2,fes2,fes2,fes2,fes2,fes2,fes2,fes2,fes2,fes2,fes2,fes2,fes2,fes2,fes2,fes2
7619,Polygon,7620,agrl1713,fes2,fes2,fes2,fes2,fes2,fes2,fes2,fes2,fes2,fes2,fes2,fes2,fes2,fes2,fes2,fes2,fes2,fes2,fes2,fes2,fes2,fes2,fes2,fes2,fes2,fes2,fes2,fes2,fes2,fes2,fes2,fes2,fes2,fes2,fes2,fes2
7620,Polygon,7621,agrl1714,fes2,fes2,fes2,fes2,fes2,fes2,fes2,fes2,fes2,fes2,fes2,fes2,fes2,fes2,fes2,fes2,fes2,fes2,fes2,fes2,fes2,fes2,fes2,fes2,fes2,fes2,fes2,fes2,fes2,fes2,fes2,fes2,fes2,fes2,fes2,fes2
7621,Polygon,7622,agrl1715,fes2,fes2,fes2,fes2,fes2,fes2,fes2,fes2,fes2,fes2,fes2,fes2,fes2,fes2,fes2,fes2,fes2,fes2,fes2,fes2,fes2,fes2,fes2,fes2,fes2,fes2,fes2,fes2,fes2,fes2,fes2,fes2,fes2,fes2,fes2,fes2
7622,Polygon,7623,agrl1716,fes2,fes2,fes2,fes2,fes2,fes2,fes2,fes2,fes2,fes2,fes2,fes2,fes2,fes2,fes2,fes2,fes2,fes2,fes2,fes2,fes2,fes2,fes2,fes2,fes2,fes2,fes2,fes2,fes2,fes2,fes2,fes2,fes2,fes2,fes2,fes2
7623,Polygon,7624,agrl1717,fes2,fes2,fes2,fes2,fes2,fes2,fes2,fes2,fes2,fes2,fes2,fes2,fes2,fes2,fes2,fes2,fes2,fes2,fes2,fes2,fes2,fes2,fes2,fes2,fes2,fes2,fes2,fes2,fes2,fes2,fes2,fes2,fes2,fes2,fes2,fes2
7624,Polygon,7625,agrl1718,fes2,fes2,fes2,fes2,fes2,fes2,fes2,fes2,fes2,fes2,fes2,fes2,fes2,fes2,fes2,fes2,fes2,fes2,fes2,fes2,fes2,fes2,fes2,fes2,fes2,fes2,fes2,fes2,fes2,fes2,fes2,fes2,fes2,fes2,fes2,fes2
7625,Polygon,7626,agrl1719,fes2,fes2,fes2,fes2,fes2,fes2,fes2,fes2,fes2,fes2,fes2,fes2,fes2,fes2,fes2,fes2,fes2,fes2,fes2,fes2,fes2,fes2,fes2,fes2,fes2,fes2,fes2,fes2,fes2,fes2,fes2,fes2,fes2,fes2,fes2,fes2
7626,Polygon,7627,agrl1720,fes2,fes2,fes2,fes2,fes2,fes2,fes2,fes2,fes2,fes2,fes2,fes2,fes2,fes2,fes2,fes2,fes2,fes2,fes2,fes2,fes2,fes2,fes2,fes2,fes2,fes2,fes2,fes2,fes2,fes2,fes2,fes2,fes2,fes2,fes2,fes2
7627,Polygon,7628,agrl1721,fes2,fes2,fes2,fes2,fes2,fes2,fes2,fes2,fes2,fes2,fes2,fes2,fes2,fes2,fes2,fes2,fes2,fes2,fes2,fes2,fes2,fes2,fes2,fes2,fes2,fes2,fes2,fes2,fes2,fes2,fes2,fes2,fes2,fes2,fes2,fes2
7628,Polygon,7629,agrl1722,fes2,fes2,fes2,fes2,fes2,fes2,fes2,fes2,fes2,fes2,fes2,fes2,fes2,fes2,fes2,fes2,fes2,fes2,fes2,fes2,fes2,fes2,fes2,fes2,fes2,fes2,fes2,fes2,fes2,fes2,fes2,fes2,fes2,fes2,fes2,fes2
7629,Polygon,7630,agrl1723,fes2,fes2,fes2,fes2,fes2,fes2,fes2,fes2,fes2,fes2,fes2,fes2,fes2,fes2,fes2,fes2,fes2,fes2,fes2,fes2,fes2,fes2,fes2,fes2,fes2,fes2,fes2,fes2,fes2,fes2,fes2,fes2,fes2,fes2,fes2,fes2
7630,Polygon,7631,agrl1724,fes2,fes2,fes2,fes2,fes2,fes2,fes2,fes2,fes2,fes2,fes2,fes2,fes2,fes2,fes2,fes2,fes2,fes2,fes2,fes2,fes2,fes2,fes2,fes2,fes2,fes2,fes2,fes2,fes2,fes2,fes2,fes2,fes2,fes2,fes2,fes2
7631,Polygon,7632,agrl1725,fes2,fes2,fes2,fes2,fes2,fes2,fes2,fes2,fes2,fes2,fes2,fes2,fes2,fes2,fes2,fes2,fes2,fes2,fes2,fes2,fes2,fes2,fes2,fes2,fes2,fes2,fes2,fes2,fes2,fes2,fes2,fes2,fes2,fes2,fes2,fes2
7632,Polygon,7633,agrl1726,fes2,fes2,fes2,fes2,fes2,fes2,fes2,fes2,fes2,fes2,fes2,fes2,fes2,fes2,fes2,fes2,fes2,fes2,fes2,fes2,fes2,fes2,fes2,fes2,fes2,fes2,fes2,fes2,fes2,fes2,fes2,fes2,fes2,fes2,fes2,fes2
7633,Polygon,7634,agrl1727,fes2,fes2,fes2,fes2,fes2,fes2,fes2,fes2,fes2,fes2,fes2,fes2,fes2,fes2,fes2,fes2,fes2,fes2,fes2,fes2,fes2,fes2,fes2,fes2,fes2,fes2,fes2,fes2,fes2,fes2,fes2,fes2,fes2,fes2,fes2,fes2
7634,Polygon,7635,agrl1728,fes2,fes2,fes2,fes2,fes2,fes2,fes2,fes2,fes2,fes2,fes2,fes2,fes2,fes2,fes2,fes2,fes2,fes2,fes2,fes2,fes2,fes2,fes2,fes2,fes2,fes2,fes2,fes2,fes2,fes2,fes2,fes2,fes2,fes2,fes2,fes2
7635,Polygon,7636,agrl1729,fes2,fes2,fes2,fes2,fes2,fes2,fes2,fes2,fes2,fes2,fes2,fes2,fes2,fes2,fes2,fes2,fes2,fes2,fes2,fes2,fes2,fes2,fes2,fes2,fes2,fes2,fes2,fes2,fes2,fes2,fes2,fes2,fes2,fes2,fes2,fes2
7636,Polygon,7637,agrl1730,fes2,fes2,fes2,fes2,fes2,fes2,fes2,fes2,fes2,fes2,fes2,fes2,fes2,fes2,fes2,fes2,fes2,fes2,fes2,fes2,fes2,fes2,fes2,fes2,fes2,fes2,fes2,fes2,fes2,fes2,fes2,fes2,fes2,fes2,fes2,fes2
7637,Polygon,7638,agrl1731,fes2,fes2,fes2,fes2,fes2,fes2,fes2,fes2,fes2,fes2,fes2,fes2,fes2,fes2,fes2,fes2,fes2,fes2,fes2,fes2,fes2,fes2,fes2,fes2,fes2,fes2,fes2,fes2,fes2,fes2,fes2,fes2,fes2,fes2,fes2,fes2
7638,Polygon,7639,agrl1732,fes2,fes2,fes2,fes2,fes2,fes2,fes2,fes2,fes2,fes2,fes2,fes2,fes2,fes2,fes2,fes2,fes2,fes2,fes2,fes2,fes2,fes2,fes2,fes2,fes2,fes2,fes2,fes2,fes2,fes2,fes2,fes2,fes2,fes2,fes2,fes2
7639,Polygon,7640,agrl1733,fes2,fes2,fes2,fes2,fes2,fes2,fes2,fes2,fes2,fes2,fes2,fes2,fes2,fes2,fes2,fes2,fes2,fes2,fes2,fes2,fes2,fes2,fes2,fes2,fes2,fes2,fes2,fes2,fes2,fes2,fes2,fes2,fes2,fes2,fes2,fes2
7640,Polygon,7641,agrl1734,fes2,fes2,fes2,fes2,fes2,fes2,fes2,fes2,fes2,fes2,fes2,fes2,fes2,fes2,fes2,fes2,fes2,fes2,fes2,fes2,fes2,fes2,fes2,fes2,fes2,fes2,fes2,fes2,fes2,fes2,fes2,fes2,fes2,fes2,fes2,fes2
7641,Polygon,7642,agrl1735,fes2,fes2,fes2,fes2,fes2,fes2,fes2,fes2,fes2,fes2,fes2,fes2,fes2,fes2,fes2,fes2,fes2,fes2,fes2,fes2,fes2,fes2,fes2,fes2,fes2,fes2,fes2,fes2,fes2,fes2,fes2,fes2,fes2,fes2,fes2,fes2
7642,Polygon,7643,agrl1736,fes2,fes2,fes2,fes2,fes2,fes2,fes2,fes2,fes2,fes2,fes2,fes2,fes2,fes2,fes2,fes2,fes2,fes2,fes2,fes2,fes2,fes2,fes2,fes2,fes2,fes2,fes2,fes2,fes2,fes2,fes2,fes2,fes2,fes2,fes2,fes2
7643,Polygon,7644,agrl1737,fes2,fes2,fes2,fes2,fes2,fes2,fes2,fes2,fes2,fes2,fes2,fes2,fes2,fes2,fes2,fes2,fes2,fes2,fes2,fes2,fes2,fes2,fes2,fes2,fes2,fes2,fes2,fes2,fes2,fes2,fes2,fes2,fes2,fes2,fes2,fes2
7644,Polygon,7645,agrl1738,fes2,fes2,fes2,fes2,fes2,fes2,fes2,fes2,fes2,fes2,fes2,fes2,fes2,fes2,fes2,fes2,fes2,fes2,fes2,fes2,fes2,fes2,fes2,fes2,fes2,fes2,fes2,fes2,fes2,fes2,fes2,fes2,fes2,fes2,fes2,fes2
7645,Polygon,7646,agrl1739,fes2,fes2,fes2,fes2,fes2,fes2,fes2,fes2,fes2,fes2,fes2,fes2,fes2,fes2,fes2,fes2,fes2,fes2,fes2,fes2,fes2,fes2,fes2,fes2,fes2,fes2,fes2,fes2,fes2,fes2,fes2,fes2,fes2,fes2,fes2,fes2
7646,Polygon,7647,agrl1740,fes2,fes2,fes2,fes2,fes2,fes2,fes2,fes2,fes2,fes2,fes2,fes2,fes2,fes2,fes2,fes2,fes2,fes2,fes2,fes2,fes2,fes2,fes2,fes2,fes2,fes2,fes2,fes2,fes2,fes2,fes2,fes2,fes2,fes2,fes2,fes2
7647,Polygon,7648,agrl1741,fes2,fes2,fes2,fes2,fes2,fes2,fes2,fes2,fes2,fes2,fes2,fes2,fes2,fes2,fes2,fes2,fes2,fes2,fes2,fes2,fes2,fes2,fes2,fes2,fes2,fes2,fes2,fes2,fes2,fes2,fes2,fes2,fes2,fes2,fes2,fes2
7648,Polygon,7649,agrl1742,fes2,fes2,fes2,fes2,fes2,fes2,fes2,fes2,fes2,fes2,fes2,fes2,fes2,fes2,fes2,fes2,fes2,fes2,fes2,fes2,fes2,fes2,fes2,fes2,fes2,fes2,fes2,fes2,fes2,fes2,fes2,fes2,fes2,fes2,fes2,fes2
7649,Polygon,7650,agrl1743,fes2,fes2,fes2,fes2,fes2,fes2,fes2,fes2,fes2,fes2,fes2,fes2,fes2,fes2,fes2,fes2,fes2,fes2,fes2,fes2,fes2,fes2,fes2,fes2,fes2,fes2,fes2,fes2,fes2,fes2,fes2,fes2,fes2,fes2,fes2,fes2
7650,Polygon,7651,agrl1744,fes2,fes2,fes2,fes2,fes2,fes2,fes2,fes2,fes2,fes2,fes2,fes2,fes2,fes2,fes2,fes2,fes2,fes2,fes2,fes2,fes2,fes2,fes2,fes2,fes2,fes2,fes2,fes2,fes2,fes2,fes2,fes2,fes2,fes2,fes2,fes2
7664,Polygon,7665,agrl1758,fes2,fes2,fes2,fes2,fes2,fes2,fes2,fes2,fes2,fes2,fes2,fes2,fes2,fes2,fes2,fes2,fes2,fes2,fes2,fes2,fes2,fes2,fes2,fes2,fes2,fes2,fes2,fes2,fes2,fes2,fes2,fes2,fes2,fes2,fes2,fes2
7665,Polygon,7666,agrl1759,fes2,fes2,fes2,fes2,fes2,fes2,fes2,fes2,fes2,fes2,fes2,fes2,fes2,fes2,fes2,fes2,fes2,fes2,fes2,fes2,fes2,fes2,fes2,fes2,fes2,fes2,fes2,fes2,fes2,fes2,fes2,fes2,fes2,fes2,fes2,fes2
7666,Polygon,7667,agrl1760,fes2,fes2,fes2,fes2,fes2,fes2,fes2,fes2,fes2,fes2,fes2,fes2,fes2,fes2,fes2,fes2,fes2,fes2,fes2,fes2,fes2,fes2,fes2,fes2,fes2,fes2,fes2,fes2,fes2,fes2,fes2,fes2,fes2,fes2,fes2,fes2
7667,Polygon,7668,agrl1761,fes2,fes2,fes2,fes2,fes2,fes2,fes2,fes2,fes2,fes2,fes2,fes2,fes2,fes2,fes2,fes2,fes2,fes2,fes2,fes2,fes2,fes2,fes2,fes2,fes2,fes2,fes2,fes2,fes2,fes2,fes2,fes2,fes2,fes2,fes2,fes2
7668,Polygon,7669,agrl1762,fes2,fes2,fes2,fes2,fes2,fes2,fes2,fes2,fes2,fes2,fes2,fes2,fes2,fes2,fes2,fes2,fes2,fes2,fes2,fes2,fes2,fes2,fes2,fes2,fes2,fes2,fes2,fes2,fes2,fes2,fes2,fes2,fes2,fes2,fes2,fes2
7669,Polygon,7670,agrl1763,fes2,fes2,fes2,fes2,fes2,fes2,fes2,fes2,fes2,fes2,fes2,fes2,fes2,fes2,fes2,fes2,fes2,fes2,fes2,fes2,fes2,fes2,fes2,fes2,fes2,fes2,fes2,fes2,fes2,fes2,fes2,fes2,fes2,fes2,fes2,fes2
7670,Polygon,7671,agrl1764,fes2,fes2,fes2,fes2,fes2,fes2,fes2,fes2,fes2,fes2,fes2,fes2,fes2,fes2,fes2,fes2,fes2,fes2,fes2,fes2,fes2,fes2,fes2,fes2,fes2,fes2,fes2,fes2,fes2,fes2,fes2,fes2,fes2,fes2,fes2,fes2
7671,Polygon,7672,agrl1765,fes2,fes2,fes2,fes2,fes2,fes2,fes2,fes2,fes2,fes2,fes2,fes2,fes2,fes2,fes2,fes2,fes2,fes2,fes2,fes2,fes2,fes2,fes2,fes2,fes2,fes2,fes2,fes2,fes2,fes2,fes2,fes2,fes2,fes2,fes2,fes2
7672,Polygon,7673,agrl1766,fes2,fes2,fes2,fes2,fes2,fes2,fes2,fes2,fes2,fes2,fes2,fes2,fes2,fes2,fes2,fes2,fes2,fes2,fes2,fes2,fes2,fes2,fes2,fes2,fes2,fes2,fes2,fes2,fes2,fes2,fes2,fes2,fes2,fes2,fes2,fes2
7673,Polygon,7674,agrl1767,fes2,fes2,fes2,fes2,fes2,fes2,fes2,fes2,fes2,fes2,fes2,fes2,fes2,fes2,fes2,fes2,fes2,fes2,fes2,fes2,fes2,fes2,fes2,fes2,fes2,fes2,fes2,fes2,fes2,fes2,fes2,fes2,fes2,fes2,fes2,fes2
7674,Polygon,7675,agrl1768,fes2,fes2,fes2,fes2,fes2,fes2,fes2,fes2,fes2,fes2,fes2,fes2,fes2,fes2,fes2,fes2,fes2,fes2,fes2,fes2,fes2,fes2,fes2,fes2,fes2,fes2,fes2,fes2,fes2,fes2,fes2,fes2,fes2,fes2,fes2,fes2
7675,Polygon,7676,agrl1769,fes2,fes2,fes2,fes2,fes2,fes2,fes2,fes2,fes2,fes2,fes2,fes2,fes2,fes2,fes2,fes2,fes2,fes2,fes2,fes2,fes2,fes2,fes2,fes2,fes2,fes2,fes2,fes2,fes2,fes2,fes2,fes2,fes2,fes2,fes2,fes2
7676,Polygon,7677,agrl1770,fes2,fes2,fes2,fes2,fes2,fes2,fes2,fes2,fes2,fes2,fes2,fes2,fes2,fes2,fes2,fes2,fes2,fes2,fes2,fes2,fes2,fes2,fes2,fes2,fes2,fes2,fes2,fes2,fes2,fes2,fes2,fes2,fes2,fes2,fes2,fes2
7677,Polygon,7678,agrl1771,fes2,fes2,fes2,fes2,fes2,fes2,fes2,fes2,fes2,fes2,fes2,fes2,fes2,fes2,fes2,fes2,fes2,fes2,fes2,fes2,fes2,fes2,fes2,fes2,fes2,fes2,fes2,fes2,fes2,fes2,fes2,fes2,fes2,fes2,fes2,fes2
7678,Polygon,7679,agrl1772,fes2,fes2,fes2,fes2,fes2,fes2,fes2,fes2,fes2,fes2,fes2,fes2,fes2,fes2,fes2,fes2,fes2,fes2,fes2,fes2,fes2,fes2,fes2,fes2,fes2,fes2,fes2,fes2,fes2,fes2,fes2,fes2,fes2,fes2,fes2,fes2
7679,Polygon,7680,agrl1773,fes2,fes2,fes2,fes2,fes2,fes2,fes2,fes2,fes2,fes2,fes2,fes2,fes2,fes2,fes2,fes2,fes2,fes2,fes2,fes2,fes2,fes2,fes2,fes2,fes2,fes2,fes2,fes2,fes2,fes2,fes2,fes2,fes2,fes2,fes2,fes2
7680,Polygon,7681,agrl1774,fes2,fes2,fes2,fes2,fes2,fes2,fes2,fes2,fes2,fes2,fes2,fes2,fes2,fes2,fes2,fes2,fes2,fes2,fes2,fes2,fes2,fes2,fes2,fes2,fes2,fes2,fes2,fes2,fes2,fes2,fes2,fes2,fes2,fes2,fes2,fes2
7681,Polygon,7682,agrl1775,fes2,fes2,fes2,fes2,fes2,fes2,fes2,fes2,fes2,fes2,fes2,fes2,fes2,fes2,fes2,fes2,fes2,fes2,fes2,fes2,fes2,fes2,fes2,fes2,fes2,fes2,fes2,fes2,fes2,fes2,fes2,fes2,fes2,fes2,fes2,fes2
7682,Polygon,7683,agrl1776,fes2,fes2,fes2,fes2,fes2,fes2,fes2,fes2,fes2,fes2,fes2,fes2,fes2,fes2,fes2,fes2,fes2,fes2,fes2,fes2,fes2,fes2,fes2,fes2,fes2,fes2,fes2,fes2,fes2,fes2,fes2,fes2,fes2,fes2,fes2,fes2
7683,Polygon,7684,agrl1777,fes2,fes2,fes2,fes2,fes2,fes2,fes2,fes2,fes2,fes2,fes2,fes2,fes2,fes2,fes2,fes2,fes2,fes2,fes2,fes2,fes2,fes2,fes2,fes2,fes2,fes2,fes2,fes2,fes2,fes2,fes2,fes2,fes2,fes2,fes2,fes2
7684,Polygon,7685,agrl1778,fes2,fes2,fes2,fes2,fes2,fes2,fes2,fes2,fes2,fes2,fes2,fes2,fes2,fes2,fes2,fes2,fes2,fes2,fes2,fes2,fes2,fes2,fes2,fes2,fes2,fes2,fes2,fes2,fes2,fes2,fes2,fes2,fes2,fes2,fes2,fes2
7685,Polygon,7686,agrl1779,fes2,fes2,fes2,fes2,fes2,fes2,fes2,fes2,fes2,fes2,fes2,fes2,fes2,fes2,fes2,fes2,fes2,fes2,fes2,fes2,fes2,fes2,fes2,fes2,fes2,fes2,fes2,fes2,fes2,fes2,fes2,fes2,fes2,fes2,fes2,fes2
7686,Polygon,7687,agrl1780,fes2,fes2,fes2,fes2,fes2,fes2,fes2,fes2,fes2,fes2,fes2,fes2,fes2,fes2,fes2,fes2,fes2,fes2,fes2,fes2,fes2,fes2,fes2,fes2,fes2,fes2,fes2,fes2,fes2,fes2,fes2,fes2,fes2,fes2,fes2,fes2
7687,Polygon,7688,agrl1781,fes2,fes2,fes2,fes2,fes2,fes2,fes2,fes2,fes2,fes2,fes2,fes2,fes2,fes2,fes2,fes2,fes2,fes2,fes2,fes2,fes2,fes2,fes2,fes2,fes2,fes2,fes2,fes2,fes2,fes2,fes2,fes2,fes2,fes2,fes2,fes2
7688,Polygon,7689,agrl1782,fes2,fes2,fes2,fes2,fes2,fes2,fes2,fes2,fes2,fes2,fes2,fes2,fes2,fes2,fes2,fes2,fes2,fes2,fes2,fes2,fes2,fes2,fes2,fes2,fes2,fes2,fes2,fes2,fes2,fes2,fes2,fes2,fes2,fes2,fes2,fes2
7689,Polygon,7690,agrl1783,fes2,fes2,fes2,fes2,fes2,fes2,fes2,fes2,fes2,fes2,fes2,fes2,fes2,fes2,fes2,fes2,fes2,fes2,fes2,fes2,fes2,fes2,fes2,fes2,fes2,fes2,fes2,fes2,fes2,fes2,fes2,fes2,fes2,fes2,fes2,fes2
7690,Polygon,7691,agrl1784,fes2,fes2,fes2,fes2,fes2,fes2,fes2,fes2,fes2,fes2,fes2,fes2,fes2,fes2,fes2,fes2,fes2,fes2,fes2,fes2,fes2,fes2,fes2,fes2,fes2,fes2,fes2,fes2,fes2,fes2,fes2,fes2,fes2,fes2,fes2,fes2
7691,Polygon,7692,agrl1785,fes2,fes2,fes2,fes2,fes2,fes2,fes2,fes2,fes2,fes2,fes2,fes2,fes2,fes2,fes2,fes2,fes2,fes2,fes2,fes2,fes2,fes2,fes2,fes2,fes2,fes2,fes2,fes2,fes2,fes2,fes2,fes2,fes2,fes2,fes2,fes2
7692,Polygon,7693,agrl1786,fes2,fes2,fes2,fes2,fes2,fes2,fes2,fes2,fes2,fes2,fes2,fes2,fes2,fes2,fes2,fes2,fes2,fes2,fes2,fes2,fes2,fes2,fes2,fes2,fes2,fes2,fes2,fes2,fes2,fes2,fes2,fes2,fes2,fes2,fes2,fes2
7693,Polygon,7694,agrl1787,fes2,fes2,fes2,fes2,fes2,fes2,fes2,fes2,fes2,fes2,fes2,fes2,fes2,fes2,fes2,fes2,fes2,fes2,fes2,fes2,fes2,fes2,fes2,fes2,fes2,fes2,fes2,fes2,fes2,fes2,fes2,fes2,fes2,fes2,fes2,fes2
7694,Polygon,7695,agrl1788,fes2,fes2,fes2,fes2,fes2,fes2,fes2,fes2,fes2,fes2,fes2,fes2,fes2,fes2,fes2,fes2,fes2,fes2,fes2,fes2,fes2,fes2,fes2,fes2,fes2,fes2,fes2,fes2,fes2,fes2,fes2,fes2,fes2,fes2,fes2,fes2
7695,Polygon,7696,agrl1789,fes2,fes2,fes2,fes2,fes2,fes2,fes2,fes2,fes2,fes2,fes2,fes2,fes2,fes2,fes2,fes2,fes2,fes2,fes2,fes2,fes2,fes2,fes2,fes2,fes2,fes2,fes2,fes2,fes2,fes2,fes2,fes2,fes2,fes2,fes2,fes2
7696,Polygon,7697,agrl1790,fes2,fes2,fes2,fes2,fes2,fes2,fes2,fes2,fes2,fes2,fes2,fes2,fes2,fes2,fes2,fes2,fes2,fes2,fes2,fes2,fes2,fes2,fes2,fes2,fes2,fes2,fes2,fes2,fes2,fes2,fes2,fes2,fes2,fes2,fes2,fes2
7697,Polygon,7698,agrl1791,fes2,fes2,fes2,fes2,fes2,fes2,fes2,fes2,fes2,fes2,fes2,fes2,fes2,fes2,fes2,fes2,fes2,fes2,fes2,fes2,fes2,fes2,fes2,fes2,fes2,fes2,fes2,fes2,fes2,fes2,fes2,fes2,fes2,fes2,fes2,fes2
7698,Polygon,7699,agrl1792,fes2,fes2,fes2,fes2,fes2,fes2,fes2,fes2,fes2,fes2,fes2,fes2,fes2,fes2,fes2,fes2,fes2,fes2,fes2,fes2,fes2,fes2,fes2,fes2,fes2,fes2,fes2,fes2,fes2,fes2,fes2,fes2,fes2,fes2,fes2,fes2
7699,Polygon,7700,agrl1793,fes2,fes2,fes2,fes2,fes2,fes2,fes2,fes2,fes2,fes2,fes2,fes2,fes2,fes2,fes2,fes2,fes2,fes2,fes2,fes2,fes2,fes2,fes2,fes2,fes2,fes2,fes2,fes2,fes2,fes2,fes2,fes2,fes2,fes2,fes2,fes2
7700,Polygon,7701,agrl1794,fes2,fes2,fes2,fes2,fes2,fes2,fes2,fes2,fes2,fes2,fes2,fes2,fes2,fes2,fes2,fes2,fes2,fes2,fes2,fes2,fes2,fes2,fes2,fes2,fes2,fes2,fes2,fes2,fes2,fes2,fes2,fes2,fes2,fes2,fes2,fes2
7701,Polygon,7702,agrl1795,fes2,fes2,fes2,fes2,fes2,fes2,fes2,fes2,fes2,fes2,fes2,fes2,fes2,fes2,fes2,fes2,fes2,fes2,fes2,fes2,fes2,fes2,fes2,fes2,fes2,fes2,fes2,fes2,fes2,fes2,fes2,fes2,fes2,fes2,fes2,fes2
7702,Polygon,7703,agrl1796,fes2,fes2,fes2,fes2,fes2,fes2,fes2,fes2,fes2,fes2,fes2,fes2,fes2,fes2,fes2,fes2,fes2,fes2,fes2,fes2,fes2,fes2,fes2,fes2,fes2,fes2,fes2,fes2,fes2,fes2,fes2,fes2,fes2,fes2,fes2,fes2
7703,Polygon,7704,agrl1797,fes2,fes2,fes2,fes2,fes2,fes2,fes2,fes2,fes2,fes2,fes2,fes2,fes2,fes2,fes2,fes2,fes2,fes2,fes2,fes2,fes2,fes2,fes2,fes2,fes2,fes2,fes2,fes2,fes2,fes2,fes2,fes2,fes2,fes2,fes2,fes2
7704,Polygon,7705,agrl1798,fes2,fes2,fes2,fes2,fes2,fes2,fes2,fes2,fes2,fes2,fes2,fes2,fes2,fes2,fes2,fes2,fes2,fes2,fes2,fes2,fes2,fes2,fes2,fes2,fes2,fes2,fes2,fes2,fes2,fes2,fes2,fes2,fes2,fes2,fes2,fes2
7705,Polygon,7706,agrl1799,fes2,fes2,fes2,fes2,fes2,fes2,fes2,fes2,fes2,fes2,fes2,fes2,fes2,fes2,fes2,fes2,fes2,fes2,fes2,fes2,fes2,fes2,fes2,fes2,fes2,fes2,fes2,fes2,fes2,fes2,fes2,fes2,fes2,fes2,fes2,fes2
7706,Polygon,7707,agrl1800,fes2,fes2,fes2,fes2,fes2,fes2,fes2,fes2,fes2,fes2,fes2,fes2,fes2,fes2,fes2,fes2,fes2,fes2,fes2,fes2,fes2,fes2,fes2,fes2,fes2,fes2,fes2,fes2,fes2,fes2,fes2,fes2,fes2,fes2,fes2,fes2
7707,Polygon,7708,agrl1801,fes2,fes2,fes2,fes2,fes2,fes2,fes2,fes2,fes2,fes2,fes2,fes2,fes2,fes2,fes2,fes2,fes2,fes2,fes2,fes2,fes2,fes2,fes2,fes2,fes2,fes2,fes2,fes2,fes2,fes2,fes2,fes2,fes2,fes2,fes2,fes2
7708,Polygon,7709,agrl1802,fes2,fes2,fes2,fes2,fes2,fes2,fes2,fes2,fes2,fes2,fes2,fes2,fes2,fes2,fes2,fes2,fes2,fes2,fes2,fes2,fes2,fes2,fes2,fes2,fes2,fes2,fes2,fes2,fes2,fes2,fes2,fes2,fes2,fes2,fes2,fes2
7709,Polygon,7710,agrl1803,fes2,fes2,fes2,fes2,fes2,fes2,fes2,fes2,fes2,fes2,fes2,fes2,fes2,fes2,fes2,fes2,fes2,fes2,fes2,fes2,fes2,fes2,fes2,fes2,fes2,fes2,fes2,fes2,fes2,fes2,fes2,fes2,fes2,fes2,fes2,fes2
7728,Polygon,7729,agrl1822,fes2,fes2,fes2,fes2,fes2,fes2,fes2,fes2,fes2,fes2,fes2,fes2,fes2,fes2,fes2,fes2,fes2,fes2,fes2,fes2,fes2,fes2,fes2,fes2,fes2,fes2,fes2,fes2,fes2,fes2,fes2,fes2,fes2,fes2,fes2,fes2
7729,Polygon,7730,agrl1823,fes2,fes2,fes2,fes2,fes2,fes2,fes2,fes2,fes2,fes2,fes2,fes2,fes2,fes2,fes2,fes2,fes2,fes2,fes2,fes2,fes2,fes2,fes2,fes2,fes2,fes2,fes2,fes2,fes2,fes2,fes2,fes2,fes2,fes2,fes2,fes2
7730,Polygon,7731,agrl1824,fes2,fes2,fes2,fes2,fes2,fes2,fes2,fes2,fes2,fes2,fes2,fes2,fes2,fes2,fes2,fes2,fes2,fes2,fes2,fes2,fes2,fes2,fes2,fes2,fes2,fes2,fes2,fes2,fes2,fes2,fes2,fes2,fes2,fes2,fes2,fes2
7731,Polygon,7732,agrl1825,fes2,fes2,fes2,fes2,fes2,fes2,fes2,fes2,fes2,fes2,fes2,fes2,fes2,fes2,fes2,fes2,fes2,fes2,fes2,fes2,fes2,fes2,fes2,fes2,fes2,fes2,fes2,fes2,fes2,fes2,fes2,fes2,fes2,fes2,fes2,fes2
7732,Polygon,7733,agrl1826,fes2,fes2,fes2,fes2,fes2,fes2,fes2,fes2,fes2,fes2,fes2,fes2,fes2,fes2,fes2,fes2,fes2,fes2,fes2,fes2,fes2,fes2,fes2,fes2,fes2,fes2,fes2,fes2,fes2,fes2,fes2,fes2,fes2,fes2,fes2,fes2
7733,Polygon,7734,agrl1827,fes2,fes2,fes2,fes2,fes2,fes2,fes2,fes2,fes2,fes2,fes2,fes2,fes2,fes2,fes2,fes2,fes2,fes2,fes2,fes2,fes2,fes2,fes2,fes2,fes2,fes2,fes2,fes2,fes2,fes2,fes2,fes2,fes2,fes2,fes2,fes2
7734,Polygon,7735,agrl1828,fes2,fes2,fes2,fes2,fes2,fes2,fes2,fes2,fes2,fes2,fes2,fes2,fes2,fes2,fes2,fes2,fes2,fes2,fes2,fes2,fes2,fes2,fes2,fes2,fes2,fes2,fes2,fes2,fes2,fes2,fes2,fes2,fes2,fes2,fes2,fes2
7735,Polygon,7736,agrl1829,fes2,fes2,fes2,fes2,fes2,fes2,fes2,fes2,fes2,fes2,fes2,fes2,fes2,fes2,fes2,fes2,fes2,fes2,fes2,fes2,fes2,fes2,fes2,fes2,fes2,fes2,fes2,fes2,fes2,fes2,fes2,fes2,fes2,fes2,fes2,fes2
7736,Polygon,7737,agrl1830,fes2,fes2,fes2,fes2,fes2,fes2,fes2,fes2,fes2,fes2,fes2,fes2,fes2,fes2,fes2,fes2,fes2,fes2,fes2,fes2,fes2,fes2,fes2,fes2,fes2,fes2,fes2,fes2,fes2,fes2,fes2,fes2,fes2,fes2,fes2,fes2
7737,Polygon,7738,agrl1831,fes2,fes2,fes2,fes2,fes2,fes2,fes2,fes2,fes2,fes2,fes2,fes2,fes2,fes2,fes2,fes2,fes2,fes2,fes2,fes2,fes2,fes2,fes2,fes2,fes2,fes2,fes2,fes2,fes2,fes2,fes2,fes2,fes2,fes2,fes2,fes2
7738,Polygon,7739,agrl1832,fes2,fes2,fes2,fes2,fes2,fes2,fes2,fes2,fes2,fes2,fes2,fes2,fes2,fes2,fes2,fes2,fes2,fes2,fes2,fes2,fes2,fes2,fes2,fes2,fes2,fes2,fes2,fes2,fes2,fes2,fes2,fes2,fes2,fes2,fes2,fes2
7739,Polygon,7740,agrl1833,fes2,fes2,fes2,fes2,fes2,fes2,fes2,fes2,fes2,fes2,fes2,fes2,fes2,fes2,fes2,fes2,fes2,fes2,fes2,fes2,fes2,fes2,fes2,fes2,fes2,fes2,fes2,fes2,fes2,fes2,fes2,fes2,fes2,fes2,fes2,fes2
7764,Polygon,7765,agrl1858,fes2,fes2,fes2,fes2,fes2,fes2,fes2,fes2,fes2,fes2,fes2,fes2,fes2,fes2,fes2,fes2,fes2,fes2,fes2,fes2,fes2,fes2,fes2,fes2,fes2,fes2,fes2,fes2,fes2,fes2,fes2,fes2,fes2,fes2,fes2,fes2
7766,Polygon,7767,agrl1860,fes2,fes2,fes2,fes2,fes2,fes2,fes2,fes2,fes2,fes2,fes2,fes2,fes2,fes2,fes2,fes2,fes2,fes2,fes2,fes2,fes2,fes2,fes2,fes2,fes2,fes2,fes2,fes2,fes2,fes2,fes2,fes2,fes2,fes2,fes2,fes2
7767,Polygon,7768,agrl1861,fes2,fes2,fes2,fes2,fes2,fes2,fes2,fes2,fes2,fes2,fes2,fes2,fes2,fes2,fes2,fes2,fes2,fes2,fes2,fes2,fes2,fes2,fes2,fes2,fes2,fes2,fes2,fes2,fes2,fes2,fes2,fes2,fes2,fes2,fes2,fes2
7769,Polygon,7770,agrl1863,fes2,fes2,fes2,fes2,fes2,fes2,fes2,fes2,fes2,fes2,fes2,fes2,fes2,fes2,fes2,fes2,fes2,fes2,fes2,fes2,fes2,fes2,fes2,fes2,fes2,fes2,fes2,fes2,fes2,fes2,fes2,fes2,fes2,fes2,fes2,fes2
7770,Polygon,7771,agrl1864,fes2,fes2,fes2,fes2,fes2,fes2,fes2,fes2,fes2,fes2,fes2,fes2,fes2,fes2,fes2,fes2,fes2,fes2,fes2,fes2,fes2,fes2,fes2,fes2,fes2,fes2,fes2,fes2,fes2,fes2,fes2,fes2,fes2,fes2,fes2,fes2
7771,Polygon,7772,agrl1865,fes2,fes2,fes2,fes2,fes2,fes2,fes2,fes2,fes2,fes2,fes2,fes2,fes2,fes2,fes2,fes2,fes2,fes2,fes2,fes2,fes2,fes2,fes2,fes2,fes2,fes2,fes2,fes2,fes2,fes2,fes2,fes2,fes2,fes2,fes2,fes2
7772,Polygon,7773,agrl1866,fes2,fes2,fes2,fes2,fes2,fes2,fes2,fes2,fes2,fes2,fes2,fes2,fes2,fes2,fes2,fes2,fes2,fes2,fes2,fes2,fes2,fes2,fes2,fes2,fes2,fes2,fes2,fes2,fes2,fes2,fes2,fes2,fes2,fes2,fes2,fes2
7773,Polygon,7774,agrl1867,fes2,fes2,fes2,fes2,fes2,fes2,fes2,fes2,fes2,fes2,fes2,fes2,fes2,fes2,fes2,fes2,fes2,fes2,fes2,fes2,fes2,fes2,fes2,fes2,fes2,fes2,fes2,fes2,fes2,fes2,fes2,fes2,fes2,fes2,fes2,fes2
7774,Polygon,7775,agrl1868,fes2,fes2,fes2,fes2,fes2,fes2,fes2,fes2,fes2,fes2,fes2,fes2,fes2,fes2,fes2,fes2,fes2,fes2,fes2,fes2,fes2,fes2,fes2,fes2,fes2,fes2,fes2,fes2,fes2,fes2,fes2,fes2,fes2,fes2,fes2,fes2
7775,Polygon,7776,agrl1869,fes2,fes2,fes2,fes2,fes2,fes2,fes2,fes2,fes2,fes2,fes2,fes2,fes2,fes2,fes2,fes2,fes2,fes2,fes2,fes2,fes2,fes2,fes2,fes2,fes2,fes2,fes2,fes2,fes2,fes2,fes2,fes2,fes2,fes2,fes2,fes2
7776,Polygon,7777,agrl1870,fes2,fes2,fes2,fes2,fes2,fes2,fes2,fes2,fes2,fes2,fes2,fes2,fes2,fes2,fes2,fes2,fes2,fes2,fes2,fes2,fes2,fes2,fes2,fes2,fes2,fes2,fes2,fes2,fes2,fes2,fes2,fes2,fes2,fes2,fes2,fes2
7777,Polygon,7778,agrl1871,fes2,fes2,fes2,fes2,fes2,fes2,fes2,fes2,fes2,fes2,fes2,fes2,fes2,fes2,fes2,fes2,fes2,fes2,fes2,fes2,fes2,fes2,fes2,fes2,fes2,fes2,fes2,fes2,fes2,fes2,fes2,fes2,fes2,fes2,fes2,fes2
7778,Polygon,7779,agrl1872,fes2,fes2,fes2,fes2,fes2,fes2,fes2,fes2,fes2,fes2,fes2,fes2,fes2,fes2,fes2,fes2,fes2,fes2,fes2,fes2,fes2,fes2,fes2,fes2,fes2,fes2,fes2,fes2,fes2,fes2,fes2,fes2,fes2,fes2,fes2,fes2
7779,Polygon,7780,agrl1873,fes2,fes2,fes2,fes2,fes2,fes2,fes2,fes2,fes2,fes2,fes2,fes2,fes2,fes2,fes2,fes2,fes2,fes2,fes2,fes2,fes2,fes2,fes2,fes2,fes2,fes2,fes2,fes2,fes2,fes2,fes2,fes2,fes2,fes2,fes2,fes2
7834,Polygon,7835,agrl1928,fes2,fes2,fes2,fes2,fes2,fes2,fes2,fes2,fes2,fes2,fes2,fes2,fes2,fes2,fes2,fes2,fes2,fes2,fes2,fes2,fes2,fes2,fes2,fes2,fes2,fes2,fes2,fes2,fes2,fes2,fes2,fes2,fes2,fes2,fes2,fes2
7835,Polygon,7836,agrl1929,fes2,fes2,fes2,fes2,fes2,fes2,fes2,fes2,fes2,fes2,fes2,fes2,fes2,fes2,fes2,fes2,fes2,fes2,fes2,fes2,fes2,fes2,fes2,fes2,fes2,fes2,fes2,fes2,fes2,fes2,fes2,fes2,fes2,fes2,fes2,fes2
7836,Polygon,7837,agrl1930,fes2,fes2,fes2,fes2,fes2,fes2,fes2,fes2,fes2,fes2,fes2,fes2,fes2,fes2,fes2,fes2,fes2,fes2,fes2,fes2,fes2,fes2,fes2,fes2,fes2,fes2,fes2,fes2,fes2,fes2,fes2,fes2,fes2,fes2,fes2,fes2
7837,Polygon,7838,agrl1931,fes2,fes2,fes2,fes2,fes2,fes2,fes2,fes2,fes2,fes2,fes2,fes2,fes2,fes2,fes2,fes2,fes2,fes2,fes2,fes2,fes2,fes2,fes2,fes2,fes2,fes2,fes2,fes2,fes2,fes2,fes2,fes2,fes2,fes2,fes2,fes2
7838,Polygon,7839,agrl1932,fes2,fes2,fes2,fes2,fes2,fes2,fes2,fes2,fes2,fes2,fes2,fes2,fes2,fes2,fes2,fes2,fes2,fes2,fes2,fes2,fes2,fes2,fes2,fes2,fes2,fes2,fes2,fes2,fes2,fes2,fes2,fes2,fes2,fes2,fes2,fes2
7844,Polygon,7845,agrl1938,fes2,fes2,fes2,fes2,fes2,fes2,fes2,fes2,fes2,fes2,fes2,fes2,fes2,fes2,fes2,fes2,fes2,fes2,fes2,fes2,fes2,fes2,fes2,fes2,fes2,fes2,fes2,fes2,fes2,fes2,fes2,fes2,fes2,fes2,fes2,fes2
7845,Polygon,7846,agrl1939,fes2,fes2,fes2,fes2,fes2,fes2,fes2,fes2,fes2,fes2,fes2,fes2,fes2,fes2,fes2,fes2,fes2,fes2,fes2,fes2,fes2,fes2,fes2,fes2,fes2,fes2,fes2,fes2,fes2,fes2,fes2,fes2,fes2,fes2,fes2,fes2
7846,Polygon,7847,agrl1940,fes2,fes2,fes2,fes2,fes2,fes2,fes2,fes2,fes2,fes2,fes2,fes2,fes2,fes2,fes2,fes2,fes2,fes2,fes2,fes2,fes2,fes2,fes2,fes2,fes2,fes2,fes2,fes2,fes2,fes2,fes2,fes2,fes2,fes2,fes2,fes2
7853,Polygon,7854,agrl1947,fes2,fes2,fes2,fes2,fes2,fes2,fes2,fes2,fes2,fes2,fes2,fes2,fes2,fes2,fes2,fes2,fes2,fes2,fes2,fes2,fes2,fes2,fes2,fes2,fes2,fes2,fes2,fes2,fes2,fes2,fes2,fes2,fes2,fes2,fes2,fes2
7854,Polygon,7855,agrl1948,fes2,fes2,fes2,fes2,fes2,fes2,fes2,fes2,fes2,fes2,fes2,fes2,fes2,fes2,fes2,fes2,fes2,fes2,fes2,fes2,fes2,fes2,fes2,fes2,fes2,fes2,fes2,fes2,fes2,fes2,fes2,fes2,fes2,fes2,fes2,fes2
7855,Polygon,7856,agrl1949,fes2,fes2,fes2,fes2,fes2,fes2,fes2,fes2,fes2,fes2,fes2,fes2,fes2,fes2,fes2,fes2,fes2,fes2,fes2,fes2,fes2,fes2,fes2,fes2,fes2,fes2,fes2,fes2,fes2,fes2,fes2,fes2,fes2,fes2,fes2,fes2
7856,Polygon,7857,agrl1950,fes2,fes2,fes2,fes2,fes2,fes2,fes2,fes2,fes2,fes2,fes2,fes2,fes2,fes2,fes2,fes2,fes2,fes2,fes2,fes2,fes2,fes2,fes2,fes2,fes2,fes2,fes2,fes2,fes2,fes2,fes2,fes2,fes2,fes2,fes2,fes2
7857,Polygon,7858,agrl1951,fes2,fes2,fes2,fes2,fes2,fes2,fes2,fes2,fes2,fes2,fes2,fes2,fes2,fes2,fes2,fes2,fes2,fes2,fes2,fes2,fes2,fes2,fes2,fes2,fes2,fes2,fes2,fes2,fes2,fes2,fes2,fes2,fes2,fes2,fes2,fes2
7858,Polygon,7859,agrl1952,fes2,fes2,fes2,fes2,fes2,fes2,fes2,fes2,fes2,fes2,fes2,fes2,fes2,fes2,fes2,fes2,fes2,fes2,fes2,fes2,fes2,fes2,fes2,fes2,fes2,fes2,fes2,fes2,fes2,fes2,fes2,fes2,fes2,fes2,fes2,fes2
7859,Polygon,7860,agrl1953,fes2,fes2,fes2,fes2,fes2,fes2,fes2,fes2,fes2,fes2,fes2,fes2,fes2,fes2,fes2,fes2,fes2,fes2,fes2,fes2,fes2,fes2,fes2,fes2,fes2,fes2,fes2,fes2,fes2,fes2,fes2,fes2,fes2,fes2,fes2,fes2
7860,Polygon,7861,agrl1954,fes2,fes2,fes2,fes2,fes2,fes2,fes2,fes2,fes2,fes2,fes2,fes2,fes2,fes2,fes2,fes2,fes2,fes2,fes2,fes2,fes2,fes2,fes2,fes2,fes2,fes2,fes2,fes2,fes2,fes2,fes2,fes2,fes2,fes2,fes2,fes2
7863,Polygon,7864,agrl1957,fes2,fes2,fes2,fes2,fes2,fes2,fes2,fes2,fes2,fes2,fes2,fes2,fes2,fes2,fes2,fes2,fes2,fes2,fes2,fes2,fes2,fes2,fes2,fes2,fes2,fes2,fes2,fes2,fes2,fes2,fes2,fes2,fes2,fes2,fes2,fes2
7864,Polygon,7865,agrl1958,fes2,fes2,fes2,fes2,fes2,fes2,fes2,fes2,fes2,fes2,fes2,fes2,fes2,fes2,fes2,fes2,fes2,fes2,fes2,fes2,fes2,fes2,fes2,fes2,fes2,fes2,fes2,fes2,fes2,fes2,fes2,fes2,fes2,fes2,fes2,fes2
7865,Polygon,7866,agrl1959,fes2,fes2,fes2,fes2,fes2,fes2,fes2,fes2,fes2,fes2,fes2,fes2,fes2,fes2,fes2,fes2,fes2,fes2,fes2,fes2,fes2,fes2,fes2,fes2,fes2,fes2,fes2,fes2,fes2,fes2,fes2,fes2,fes2,fes2,fes2,fes2
13926,Polygon,13927,agrl5111,fes2,fes2,fes2,fes2,fes2,fes2,fes2,fes2,fes2,fes2,fes2,fes2,fes2,fes2,fes2,fes2,fes2,fes2,fes2,fes2,fes2,fes2,fes2,fes2,fes2,fes2,fes2,fes2,fes2,fes2,fes2,fes2,fes2,fes2,fes2,fes2
13927,Polygon,13928,agrl5112,fes2,fes2,fes2,fes2,fes2,fes2,fes2,fes2,fes2,fes2,fes2,fes2,fes2,fes2,fes2,fes2,fes2,fes2,fes2,fes2,fes2,fes2,fes2,fes2,fes2,fes2,fes2,fes2,fes2,fes2,fes2,fes2,fes2,fes2,fes2,fes2
13928,Polygon,13929,agrl5113,fes2,fes2,fes2,fes2,fes2,fes2,fes2,fes2,fes2,fes2,fes2,fes2,fes2,fes2,fes2,fes2,fes2,fes2,fes2,fes2,fes2,fes2,fes2,fes2,fes2,fes2,fes2,fes2,fes2,fes2,fes2,fes2,fes2,fes2,fes2,fes2
13929,Polygon,13930,agrl5114,fes2,fes2,fes2,fes2,fes2,fes2,fes2,fes2,fes2,fes2,fes2,fes2,fes2,fes2,fes2,fes2,fes2,fes2,fes2,fes2,fes2,fes2,fes2,fes2,fes2,fes2,fes2,fes2,fes2,fes2,fes2,fes2,fes2,fes2,fes2,fes2
13930,Polygon,13931,agrl5115,fes2,fes2,fes2,fes2,fes2,fes2,fes2,fes2,fes2,fes2,fes2,fes2,fes2,fes2,fes2,fes2,fes2,fes2,fes2,fes2,fes2,fes2,fes2,fes2,fes2,fes2,fes2,fes2,fes2,fes2,fes2,fes2,fes2,fes2,fes2,fes2
13931,Polygon,13932,agrl5116,fes2,fes2,fes2,fes2,fes2,fes2,fes2,fes2,fes2,fes2,fes2,fes2,fes2,fes2,fes2,fes2,fes2,fes2,fes2,fes2,fes2,fes2,fes2,fes2,fes2,fes2,fes2,fes2,fes2,fes2,fes2,fes2,fes2,fes2,fes2,fes2
13932,Polygon,13933,agrl5117,fes2,fes2,fes2,fes2,fes2,fes2,fes2,fes2,fes2,fes2,fes2,fes2,fes2,fes2,fes2,fes2,fes2,fes2,fes2,fes2,fes2,fes2,fes2,fes2,fes2,fes2,fes2,fes2,fes2,fes2,fes2,fes2,fes2,fes2,fes2,fes2
13933,Polygon,13934,agrl5118,fes2,fes2,fes2,fes2,fes2,fes2,fes2,fes2,fes2,fes2,fes2,fes2,fes2,fes2,fes2,fes2,fes2,fes2,fes2,fes2,fes2,fes2,fes2,fes2,fes2,fes2,fes2,fes2,fes2,fes2,fes2,fes2,fes2,fes2,fes2,fes2
13934,Polygon,13935,agrl5119,fes2,fes2,fes2,fes2,fes2,fes2,fes2,fes2,fes2,fes2,fes2,fes2,fes2,fes2,fes2,fes2,fes2,fes2,fes2,fes2,fes2,fes2,fes2,fes2,fes2,fes2,fes2,fes2,fes2,fes2,fes2,fes2,fes2,fes2,fes2,fes2
13935,Polygon,13936,agrl5120,fes2,fes2,fes2,fes2,fes2,fes2,fes2,fes2,fes2,fes2,fes2,fes2,fes2,fes2,fes2,fes2,fes2,fes2,fes2,fes2,fes2,fes2,fes2,fes2,fes2,fes2,fes2,fes2,fes2,fes2,fes2,fes2,fes2,fes2,fes2,fes2
13936,Polygon,13937,agrl5121,fes2,fes2,fes2,fes2,fes2,fes2,fes2,fes2,fes2,fes2,fes2,fes2,fes2,fes2,fes2,fes2,fes2,fes2,fes2,fes2,fes2,fes2,fes2,fes2,fes2,fes2,fes2,fes2,fes2,fes2,fes2,fes2,fes2,fes2,fes2,fes2
13937,Polygon,13938,agrl5122,fes2,fes2,fes2,fes2,fes2,fes2,fes2,fes2,fes2,fes2,fes2,fes2,fes2,fes2,fes2,fes2,fes2,fes2,fes2,fes2,fes2,fes2,fes2,fes2,fes2,fes2,fes2,fes2,fes2,fes2,fes2,fes2,fes2,fes2,fes2,fes2
13938,Polygon,13939,agrl5123,fes2,fes2,fes2,fes2,fes2,fes2,fes2,fes2,fes2,fes2,fes2,fes2,fes2,fes2,fes2,fes2,fes2,fes2,fes2,fes2,fes2,fes2,fes2,fes2,fes2,fes2,fes2,fes2,fes2,fes2,fes2,fes2,fes2,fes2,fes2,fes2
13939,Polygon,13940,agrl5124,fes2,fes2,fes2,fes2,fes2,fes2,fes2,fes2,fes2,fes2,fes2,fes2,fes2,fes2,fes2,fes2,fes2,fes2,fes2,fes2,fes2,fes2,fes2,fes2,fes2,fes2,fes2,fes2,fes2,fes2,fes2,fes2,fes2,fes2,fes2,fes2
13940,Polygon,13941,agrl5125,fes2,fes2,fes2,fes2,fes2,fes2,fes2,fes2,fes2,fes2,fes2,fes2,fes2,fes2,fes2,fes2,fes2,fes2,fes2,fes2,fes2,fes2,fes2,fes2,fes2,fes2,fes2,fes2,fes2,fes2,fes2,fes2,fes2,fes2,fes2,fes2
13941,Polygon,13942,agrl5126,fes2,fes2,fes2,fes2,fes2,fes2,fes2,fes2,fes2,fes2,fes2,fes2,fes2,fes2,fes2,fes2,fes2,fes2,fes2,fes2,fes2,fes2,fes2,fes2,fes2,fes2,fes2,fes2,fes2,fes2,fes2,fes2,fes2,fes2,fes2,fes2
13942,Polygon,13943,agrl5127,fes2,fes2,fes2,fes2,fes2,fes2,fes2,fes2,fes2,fes2,fes2,fes2,fes2,fes2,fes2,fes2,fes2,fes2,fes2,fes2,fes2,fes2,fes2,fes2,fes2,fes2,fes2,fes2,fes2,fes2,fes2,fes2,fes2,fes2,fes2,fes2
13943,Polygon,13944,agrl5128,fes2,fes2,fes2,fes2,fes2,fes2,fes2,fes2,fes2,fes2,fes2,fes2,fes2,fes2,fes2,fes2,fes2,fes2,fes2,fes2,fes2,fes2,fes2,fes2,fes2,fes2,fes2,fes2,fes2,fes2,fes2,fes2,fes2,fes2,fes2,fes2
13944,Polygon,13945,agrl5129,fes2,fes2,fes2,fes2,fes2,fes2,fes2,fes2,fes2,fes2,fes2,fes2,fes2,fes2,fes2,fes2,fes2,fes2,fes2,fes2,fes2,fes2,fes2,fes2,fes2,fes2,fes2,fes2,fes2,fes2,fes2,fes2,fes2,fes2,fes2,fes2
13945,Polygon,13946,agrl5130,fes2,fes2,fes2,fes2,fes2,fes2,fes2,fes2,fes2,fes2,fes2,fes2,fes2,fes2,fes2,fes2,fes2,fes2,fes2,fes2,fes2,fes2,fes2,fes2,fes2,fes2,fes2,fes2,fes2,fes2,fes2,fes2,fes2,fes2,fes2,fes2
13950,Polygon,13951,agrl5135,fes2,fes2,fes2,fes2,fes2,fes2,fes2,fes2,fes2,fes2,fes2,fes2,fes2,fes2,fes2,fes2,fes2,fes2,fes2,fes2,fes2,fes2,fes2,fes2,fes2,fes2,fes2,fes2,fes2,fes2,fes2,fes2,fes2,fes2,fes2,fes2
13951,Polygon,13952,agrl5136,fes2,fes2,fes2,fes2,fes2,fes2,fes2,fes2,fes2,fes2,fes2,fes2,fes2,fes2,fes2,fes2,fes2,fes2,fes2,fes2,fes2,fes2,fes2,fes2,fes2,fes2,fes2,fes2,fes2,fes2,fes2,fes2,fes2,fes2,fes2,fes2
13952,Polygon,13953,agrl5137,fes2,fes2,fes2,fes2,fes2,fes2,fes2,fes2,fes2,fes2,fes2,fes2,fes2,fes2,fes2,fes2,fes2,fes2,fes2,fes2,fes2,fes2,fes2,fes2,fes2,fes2,fes2,fes2,fes2,fes2,fes2,fes2,fes2,fes2,fes2,fes2
13953,Polygon,13954,agrl5138,fes2,fes2,fes2,fes2,fes2,fes2,fes2,fes2,fes2,fes2,fes2,fes2,fes2,fes2,fes2,fes2,fes2,fes2,fes2,fes2,fes2,fes2,fes2,fes2,fes2,fes2,fes2,fes2,fes2,fes2,fes2,fes2,fes2,fes2,fes2,fes2
13954,Polygon,13955,agrl5139,fes2,fes2,fes2,fes2,fes2,fes2,fes2,fes2,fes2,fes2,fes2,fes2,fes2,fes2,fes2,fes2,fes2,fes2,fes2,fes2,fes2,fes2,fes2,fes2,fes2,fes2,fes2,fes2,fes2,fes2,fes2,fes2,fes2,fes2,fes2,fes2
13955,Polygon,13956,agrl5140,fes2,fes2,fes2,fes2,fes2,fes2,fes2,fes2,fes2,fes2,fes2,fes2,fes2,fes2,fes2,fes2,fes2,fes2,fes2,fes2,fes2,fes2,fes2,fes2,fes2,fes2,fes2,fes2,fes2,fes2,fes2,fes2,fes2,fes2,fes2,fes2
13956,Polygon,13957,agrl5141,fes2,fes2,fes2,fes2,fes2,fes2,fes2,fes2,fes2,fes2,fes2,fes2,fes2,fes2,fes2,fes2,fes2,fes2,fes2,fes2,fes2,fes2,fes2,fes2,fes2,fes2,fes2,fes2,fes2,fes2,fes2,fes2,fes2,fes2,fes2,fes2
13957,Polygon,13958,agrl5142,fes2,fes2,fes2,fes2,fes2,fes2,fes2,fes2,fes2,fes2,fes2,fes2,fes2,fes2,fes2,fes2,fes2,fes2,fes2,fes2,fes2,fes2,fes2,fes2,fes2,fes2,fes2,fes2,fes2,fes2,fes2,fes2,fes2,fes2,fes2,fes2
13958,Polygon,13959,agrl5143,fes2,fes2,fes2,fes2,fes2,fes2,fes2,fes2,fes2,fes2,fes2,fes2,fes2,fes2,fes2,fes2,fes2,fes2,fes2,fes2,fes2,fes2,fes2,fes2,fes2,fes2,fes2,fes2,fes2,fes2,fes2,fes2,fes2,fes2,fes2,fes2
13959,Polygon,13960,agrl5144,fes2,fes2,fes2,fes2,fes2,fes2,fes2,fes2,fes2,fes2,fes2,fes2,fes2,fes2,fes2,fes2,fes2,fes2,fes2,fes2,fes2,fes2,fes2,fes2,fes2,fes2,fes2,fes2,fes2,fes2,fes2,fes2,fes2,fes2,fes2,fes2
13960,Polygon,13961,agrl5145,fes2,fes2,fes2,fes2,fes2,fes2,fes2,fes2,fes2,fes2,fes2,fes2,fes2,fes2,fes2,fes2,fes2,fes2,fes2,fes2,fes2,fes2,fes2,fes2,fes2,fes2,fes2,fes2,fes2,fes2,fes2,fes2,fes2,fes2,fes2,fes2
13962,Polygon,13963,agrl5147,fes2,fes2,fes2,fes2,fes2,fes2,fes2,fes2,fes2,fes2,fes2,fes2,fes2,fes2,fes2,fes2,fes2,fes2,fes2,fes2,fes2,fes2,fes2,fes2,fes2,fes2,fes2,fes2,fes2,fes2,fes2,fes2,fes2,fes2,fes2,fes2
13970,Polygon,13971,agrl5155,fes2,fes2,fes2,fes2,fes2,fes2,fes2,fes2,fes2,fes2,fes2,fes2,fes2,fes2,fes2,fes2,fes2,fes2,fes2,fes2,fes2,fes2,fes2,fes2,fes2,fes2,fes2,fes2,fes2,fes2,fes2,fes2,fes2,fes2,fes2,fes2
13971,Polygon,13972,agrl5156,fes2,fes2,fes2,fes2,fes2,fes2,fes2,fes2,fes2,fes2,fes2,fes2,fes2,fes2,fes2,fes2,fes2,fes2,fes2,fes2,fes2,fes2,fes2,fes2,fes2,fes2,fes2,fes2,fes2,fes2,fes2,fes2,fes2,fes2,fes2,fes2
13972,Polygon,13973,agrl5157,fes2,fes2,fes2,fes2,fes2,fes2,fes2,fes2,fes2,fes2,fes2,fes2,fes2,fes2,fes2,fes2,fes2,fes2,fes2,fes2,fes2,fes2,fes2,fes2,fes2,fes2,fes2,fes2,fes2,fes2,fes2,fes2,fes2,fes2,fes2,fes2
13973,Polygon,13974,agrl5158,fes2,fes2,fes2,fes2,fes2,fes2,fes2,fes2,fes2,fes2,fes2,fes2,fes2,fes2,fes2,fes2,fes2,fes2,fes2,fes2,fes2,fes2,fes2,fes2,fes2,fes2,fes2,fes2,fes2,fes2,fes2,fes2,fes2,fes2,fes2,fes2
13974,Polygon,13975,agrl5159,fes2,fes2,fes2,fes2,fes2,fes2,fes2,fes2,fes2,fes2,fes2,fes2,fes2,fes2,fes2,fes2,fes2,fes2,fes2,fes2,fes2,fes2,fes2,fes2,fes2,fes2,fes2,fes2,fes2,fes2,fes2,fes2,fes2,fes2,fes2,fes2
13975,Polygon,13976,agrl5160,fes2,fes2,fes2,fes2,fes2,fes2,fes2,fes2,fes2,fes2,fes2,fes2,fes2,fes2,fes2,fes2,fes2,fes2,fes2,fes2,fes2,fes2,fes2,fes2,fes2,fes2,fes2,fes2,fes2,fes2,fes2,fes2,fes2,fes2,fes2,fes2
13976,Polygon,13977,agrl5161,fes2,fes2,fes2,fes2,fes2,fes2,fes2,fes2,fes2,fes2,fes2,fes2,fes2,fes2,fes2,fes2,fes2,fes2,fes2,fes2,fes2,fes2,fes2,fes2,fes2,fes2,fes2,fes2,fes2,fes2,fes2,fes2,fes2,fes2,fes2,fes2
13977,Polygon,13978,agrl5162,fes2,fes2,fes2,fes2,fes2,fes2,fes2,fes2,fes2,fes2,fes2,fes2,fes2,fes2,fes2,fes2,fes2,fes2,fes2,fes2,fes2,fes2,fes2,fes2,fes2,fes2,fes2,fes2,fes2,fes2,fes2,fes2,fes2,fes2,fes2,fes2
13978,Polygon,13979,agrl5163,fes2,fes2,fes2,fes2,fes2,fes2,fes2,fes2,fes2,fes2,fes2,fes2,fes2,fes2,fes2,fes2,fes2,fes2,fes2,fes2,fes2,fes2,fes2,fes2,fes2,fes2,fes2,fes2,fes2,fes2,fes2,fes2,fes2,fes2,fes2,fes2
13991,Polygon,13992,agrl5176,fes2,fes2,fes2,fes2,fes2,fes2,fes2,fes2,fes2,fes2,fes2,fes2,fes2,fes2,fes2,fes2,fes2,fes2,fes2,fes2,fes2,fes2,fes2,fes2,fes2,fes2,fes2,fes2,fes2,fes2,fes2,fes2,fes2,fes2,fes2,fes2
13995,Polygon,13996,agrl5180,fes2,fes2,fes2,fes2,fes2,fes2,fes2,fes2,fes2,fes2,fes2,fes2,fes2,fes2,fes2,fes2,fes2,fes2,fes2,fes2,fes2,fes2,fes2,fes2,fes2,fes2,fes2,fes2,fes2,fes2,fes2,fes2,fes2,fes2,fes2,fes2
9108,Polygon,9109,agrl3202,orcd,orcd,orcd,orcd,orcd,orcd,orcd,orcd,orcd,orcd,orcd,orcd,orcd,orcd,orcd,orcd,orcd,orcd,orcd,orcd,orcd,orcd,orcd,orcd,orcd,orcd,orcd,orcd,orcd,orcd,orcd,orcd,orcd,orcd,orcd,orcd
9109,Polygon,9110,agrl3203,orcd,orcd,orcd,orcd,orcd,orcd,orcd,orcd,orcd,orcd,orcd,orcd,orcd,orcd,orcd,orcd,orcd,orcd,orcd,orcd,orcd,orcd,orcd,orcd,orcd,orcd,orcd,orcd,orcd,orcd,orcd,orcd,orcd,orcd,orcd,orcd
9110,Polygon,9111,agrl3204,orcd,orcd,orcd,orcd,orcd,orcd,orcd,orcd,orcd,orcd,orcd,orcd,orcd,orcd,orcd,orcd,orcd,orcd,orcd,orcd,orcd,orcd,orcd,orcd,orcd,orcd,orcd,orcd,orcd,orcd,orcd,orcd,orcd,orcd,orcd,orcd
9111,Polygon,9112,agrl3205,orcd,orcd,orcd,orcd,orcd,orcd,orcd,orcd,orcd,orcd,orcd,orcd,orcd,orcd,orcd,orcd,orcd,orcd,orcd,orcd,orcd,orcd,orcd,orcd,orcd,orcd,orcd,orcd,orcd,orcd,orcd,orcd,orcd,orcd,orcd,orcd
9112,Polygon,9113,agrl3206,orcd,orcd,orcd,orcd,orcd,orcd,orcd,orcd,orcd,orcd,orcd,orcd,orcd,orcd,orcd,orcd,orcd,orcd,orcd,orcd,orcd,orcd,orcd,orcd,orcd,orcd,orcd,orcd,orcd,orcd,orcd,orcd,orcd,orcd,orcd,orcd
9113,Polygon,9114,agrl3207,orcd,orcd,orcd,orcd,orcd,orcd,orcd,orcd,orcd,orcd,orcd,orcd,orcd,orcd,orcd,orcd,orcd,orcd,orcd,orcd,orcd,orcd,orcd,orcd,orcd,orcd,orcd,orcd,orcd,orcd,orcd,orcd,orcd,orcd,orcd,orcd
9114,Polygon,9115,agrl3208,orcd,orcd,orcd,orcd,orcd,orcd,orcd,orcd,orcd,orcd,orcd,orcd,orcd,orcd,orcd,orcd,orcd,orcd,orcd,orcd,orcd,orcd,orcd,orcd,orcd,orcd,orcd,orcd,orcd,orcd,orcd,orcd,orcd,orcd,orcd,orcd
9115,Polygon,9116,agrl3209,orcd,orcd,orcd,orcd,orcd,orcd,orcd,orcd,orcd,orcd,orcd,orcd,orcd,orcd,orcd,orcd,orcd,orcd,orcd,orcd,orcd,orcd,orcd,orcd,orcd,orcd,orcd,orcd,orcd,orcd,orcd,orcd,orcd,orcd,orcd,orcd
9116,Polygon,9117,agrl3210,orcd,orcd,orcd,orcd,orcd,orcd,orcd,orcd,orcd,orcd,orcd,orcd,orcd,orcd,orcd,orcd,orcd,orcd,orcd,orcd,orcd,orcd,orcd,orcd,orcd,orcd,orcd,orcd,orcd,orcd,orcd,orcd,orcd,orcd,orcd,orcd
9117,Polygon,9118,agrl3211,orcd,orcd,orcd,orcd,orcd,orcd,orcd,orcd,orcd,orcd,orcd,orcd,orcd,orcd,orcd,orcd,orcd,orcd,orcd,orcd,orcd,orcd,orcd,orcd,orcd,orcd,orcd,orcd,orcd,orcd,orcd,orcd,orcd,orcd,orcd,orcd
9118,Polygon,9119,agrl3212,orcd,orcd,orcd,orcd,orcd,orcd,orcd,orcd,orcd,orcd,orcd,orcd,orcd,orcd,orcd,orcd,orcd,orcd,orcd,orcd,orcd,orcd,orcd,orcd,orcd,orcd,orcd,orcd,orcd,orcd,orcd,orcd,orcd,orcd,orcd,orcd
9119,Polygon,9120,agrl3213,orcd,orcd,orcd,orcd,orcd,orcd,orcd,orcd,orcd,orcd,orcd,orcd,orcd,orcd,orcd,orcd,orcd,orcd,orcd,orcd,orcd,orcd,orcd,orcd,orcd,orcd,orcd,orcd,orcd,orcd,orcd,orcd,orcd,orcd,orcd,orcd
9120,Polygon,9121,agrl3214,orcd,orcd,orcd,orcd,orcd,orcd,orcd,orcd,orcd,orcd,orcd,orcd,orcd,orcd,orcd,orcd,orcd,orcd,orcd,orcd,orcd,orcd,orcd,orcd,orcd,orcd,orcd,orcd,orcd,orcd,orcd,orcd,orcd,orcd,orcd,orcd
9121,Polygon,9122,agrl3215,orcd,orcd,orcd,orcd,orcd,orcd,orcd,orcd,orcd,orcd,orcd,orcd,orcd,orcd,orcd,orcd,orcd,orcd,orcd,orcd,orcd,orcd,orcd,orcd,orcd,orcd,orcd,orcd,orcd,orcd,orcd,orcd,orcd,orcd,orcd,orcd
9122,Polygon,9123,agrl3216,orcd,orcd,orcd,orcd,orcd,orcd,orcd,orcd,orcd,orcd,orcd,orcd,orcd,orcd,orcd,orcd,orcd,orcd,orcd,orcd,orcd,orcd,orcd,orcd,orcd,orcd,orcd,orcd,orcd,orcd,orcd,orcd,orcd,orcd,orcd,orcd
14205,Polygon,14206,agrl5390,orcd,orcd,orcd,orcd,orcd,orcd,orcd,orcd,orcd,orcd,orcd,orcd,orcd,orcd,orcd,orcd,orcd,orcd,orcd,orcd,orcd,orcd,orcd,orcd,orcd,orcd,orcd,orcd,orcd,orcd,orcd,orcd,orcd,orcd,orcd,orcd
8733,Polygon,8734,agrl2827,usun,usun,orcd,orcd,orcd,oats,orcd,orcd,orcd,orcd,oats,orcd,orcd,orcd,orcd,oats,orcd,orcd,orcd,orcd,oats,orcd,orcd,orcd,orcd,oats,orcd,orcd,orcd,orcd,oats,orcd,orcd,orcd,orcd,oats
9098,Polygon,9099,agrl3192,usun,fpea,orcd,orcd,orcd,orcd,fpea,orcd,orcd,orcd,orcd,fpea,orcd,orcd,orcd,orcd,fpea,orcd,orcd,orcd,orcd,fpea,orcd,orcd,orcd,orcd,fpea,orcd,orcd,orcd,orcd,fpea,orcd,orcd,orcd,orcd
10581,Polygon,10582,agrl4675,usun,usun,orcd,orcd,orcd,wwht,orcd,orcd,orcd,orcd,wwht,orcd,orcd,orcd,orcd,wwht,orcd,orcd,orcd,orcd,wwht,orcd,orcd,orcd,orcd,wwht,orcd,orcd,orcd,orcd,wwht,orcd,orcd,orcd,orcd,wwht
14113,Polygon,14114,agrl5298,usun,oats,orcd,orcd,orcd,oats,oats,orcd,orcd,orcd,oats,oats,orcd,orcd,orcd,oats,oats,orcd,orcd,orcd,oats,oats,orcd,orcd,orcd,oats,oats,orcd,orcd,orcd,oats,oats,orcd,orcd,orcd,oats
14114,Polygon,14115,agrl5299,usun,oats,orcd,orcd,orcd,oats,oats,orcd,orcd,orcd,oats,oats,orcd,orcd,orcd,oats,oats,orcd,orcd,orcd,oats,oats,orcd,orcd,orcd,oats,oats,orcd,orcd,orcd,oats,oats,orcd,orcd,orcd,oats
